0,1,2
FULGENCIO_MEJIA_Y_FABRIZIO_DELMÓNICO_VS_MC_FLOYD_Y_NUBE_OSCURA_-_PARTE_1_-_100%_LUCHA,UNA_PARTE_DE_MI,57
"DEPORTES_EN_EL_RECUERDO,_SANTA_Y_CLAUS_NOELARDI_-_VIDEOMATCH_97",EL_ARQUI,56
CAPITULO_196_-_CELESTE_SIEMPRE_CELESTE,JERSEY_SHORE,52
"ALIMENTACION_SALUDABLE,_EDULCORANTES_–_AM",CANTICOS,56
SABRINA_GARCIARENA_SE_CONFESO_CON_VERO_-_CORTA_POR_LOZANO_2019,CORTA_POR_LOZANO,90
CLUB_57_|_EVA_CRUZA_AL_PASADO_|_LATINOAMERICA_|_NICKELODEON_EN_ESPAÑOL,TUTORIAL_LATINOAMERICANO,60
"MAJU_LOZANO_Y_LA_TOTA,_FALTA_DE_HOMBRES_-_SUSANA_GIMENEZ_2008",SUSANA_GIMENEZ,90
CAPITULO_475_-_VERANO_DEL_98,VECINOS,51
HENRY_DANGER_|_MIEDO_A_LAS_SERPIENTES_|_ESPAÑA_|_NICKELODEON_EN_ESPAÑOL,HENRY_DANGER,90
APPLI_PAW_PATROL_:_LA_PAT'_PATROUILLE_À_LA_RESCOUSSE_|_DISPO_DÈS_MAINTENANT_|_NICKELODEON_JUNIOR,PAW_PATROL,60
SINGVÖGEL_FLIEGT_HEIM_-_PAW_PATROL_|_NICK_JR._AUF_DEUTSCH,PAW_PATROL,90
"PIFIADAS,_LA_BANDA_DE_CANTA_NIÑO_-_EL_SHOW_DE_LA_TARDE",SAM_&_CAT,57
CAPITULO_95_-_HERENCIA_DE_AMOR,MORFI,68
"JULIO_SILPITUCLA,_TALENTO_Y_SUPERACION_-_LATEN_CORAZONES",TEEN_MOM,56
"CACHO_BUENAVENTURA,_DIVERSION_-_SUSANA_GIMENEZ_2007",SUSANA_GIMENEZ,90
LA_CULPA_ES_DE_COLON_-_¡NUEVA_TEMPORADA!_FERNANDO_SANJIAO,LA_CULPA_ES_DE_CABRAL,73
"LAS_NEUMANN,_CUBERO_COMO_PADRE_--_SUSANA_GIMÉNEZ",SUSANA_GIMENEZ,84
TARTA_FRUTILLAS_CON_MASA_DE_CACAO_Y_PASTELERA_DE_DULCE_DE_LECHE_-_MORFI,MORFI,60
CAPITULO_60_-_HERENCIA_DE_AMOR,MORFI,68
THE_LOUD_HOUSE_|_SONHO_DE_ROCK_N_ROLL_|_BRASIL_|_NICKELODEON_EM_PORTUGUÊS,THE_LOUD_HOUSE,90
FLOR_PEÑA_LA_ANÉDCOTA_DE_LA_PERIDURAL_-_SUSANA_GIMÉNEZ,SUSANA_GIMENEZ,84
EMPANADAS_A_LA_PARRILLA_-_MORFI,MORFI,90
VIDEO_DE_INSCRIÇÃO_DO_VINI_|_ARQUIVO_EX,EL_ARQUI,68
"BACKSTREET_BOYS_PERFORM_""DON'T_GO_BREAKING_MY_HEART""_|_MTV_VMAS_|_LIVE_PERFORMANCE",MTV_VMAS,60
BUTTERBEAN’S_CAFE_SERIES_TRAILER_NEW_ANIMATED_SERIES_FROM_THE_CREATORS_OF_BUBBLE_GUPPIES_|_NICK_JR.,BUBBLE_GUPPIES,90
THE_LOUD_HOUSE_|_IMPACTO_ECOLOGICO_|_NICKELODEON_EN_ESPAÑOL,THE_LOUD_HOUSE,90
EL_PIBE_PLAY_Y_SU_PRIMA_MODELO_-_PELIGRO_SIN_CODIFICAR,PELIGRO_SIN_CODIFICAR,90
BOB_ESPONJA_|_LIMPEZA_PROFUNDA_|_NICKELODEON_EM_PORTUGUÊS,PAW_PATROL,54
BELLA_E_OS_BULLDOGS_|_SESSÃO_DE_FOTOS_|_NICKELODEON_EM_PORTUGUÊS,BELLATOR,56
SAM_Y_CAT_|_BINGO_EXTREMO_|_NICKELODEON_EN_ESPAÑOL,SAM_&_CAT,80
BLAZE_AND_THE_MONSTER_MACHINES_|_SETTING_SAIL!_|_NICK_JR._UK,BLAZE_AND_THE_MONSTER_MACHINES,90
"EL_SHOW_DEL_CHISTE,_PUEBLO_POBRE_-_VIDEOMATCH",UNMATCHED,57
"CHISTES_ALACRAN,_PROGRAMA_68_-_VIDEOMATCH_1997",HISTORIAS_DE_CORAZON,50
EPISODIO_18_-_LA_BUSQUEDA_DE_LAURA,LA_PEÑA_DE_MORFI,54
MINIMUM_WAGE_MOM_-_16_AND_PREGNANT_|_MTV,MTVMIAW,61
CHIQUITITAS_(5°_TEMPORADA)_-_CAPITULO_131,SAM_&_CAT,60
NUNCA_VOY_A_OLVIDARTE_(CRISTIAN_CASTRO):_MAXIMILIANO_GIROUD-_ELEGIDOS,MTV_CRIBS,60
JUST_TATTOO_OF_US_|_MEET_JODIE_|_MTV_UK,JUST_TATTOO_OF_US,90
"LA_ABUELA,_PULSERAS_DE_COLOR_-_SUSANA_GIMÉNEZ",SUSANA_GIMENEZ,84
"GORDOS_VALORES:_SERGIO_GONAL,_EL_DIARIERO_-_PELIGRO_SIN_CODIFICAR",PELIGRO_SIN_CODIFICAR,90
CAPITULO_35_-_BRIGADA_COLA_92,BROAD_CITY,54
CLUB_57_|_MEJORES_MOMENTOS_EN_EL_CLUB_57_|_LATINOAMERICA_|_NICKELODEON_EN_ESPAÑOL,TUTORIAL_LATINOAMERICANO,60
JUBILANDO_CHISTES_CON_BUBU_ROMO,JUBILANDO_CHISTES,90
TOM_HOLLAND_&_ZENDAYA_TALK_NEW_LIP_SYNC_BATTLE_&_PLAY_HIGH_SCHOOL_QUIZ_|_SPIDER-MAN:_FAR_FROM_HOME,LIP_SYNC_BATTLE,90
LLEGA_CAMPANAS_EN_LA_NOCHE:_DESDE_EL_LUNES_14_DE_ENERO,CAMPANAS_EN_LA_NOCHE,90
CHIQUITITAS_(2°_TEMPORADA)_-_CAPITULO_35,SAM_&_CAT,60
THE_VAMPS_HAVE_A_CRUSH_ON_TAYLOR_SWIFT_AND_WHO_ELSE?_|_MTV_MUSIC,MTV_EMAS,68
CAPITULO_110_-_GRANDE_PA,STAND_UP,56
PROGRAMA_09_(02-02-2017)_-_CORTA_POR_LOZANO,CORTA_POR_LOZANO,90
"PANAM_EN_COLOMBIA,_PIFIADAS_-_POR_EL_MUNDO",POR_EL_MUNDO,90
PROGRAMA_138_-_MARU_A_LA_TARDE,LA_PEÑA_DE_MORFI,47
CAPITULO_8_-_PROVOCAME,ACAPULCO_SHORE,50
LA_CULPA_ES_DE_COLON_-_ACENTOS_CRUZADOS_CON_BOBBY_COMEDIA_II,LA_CULPA_ES_DE_CABRAL,73
EL_RAP_DE_CERDO_CABRA_BANANA_GRILLO_|_NICKELODEON_EN_ESPAÑOL,A_CULPA_E_DO_CABRAL,57
GEORDIE_SHORE_BBB_|_GEORDIE_SECRETS_|_MTV,GEORDIE_SHORE,90
MARIO_VENTEVEO_SAVIOLA_-_PELIGRO_SIN_CODIFICAR,PELIGRO_SIN_CODIFICAR,90
MENDIGO,MANEJANDO_CON_DIEGO_ALFARO,64
"INFORME_ESPECIAL,_LOS_RAPORTEROS_-_VIDEOMATCH_97",INFORMES_ESPECIALES,78
AM_._NOTA_A_LOS_JURADOS_DE_LA_VOZ_ARGENTINA,LA_VOZ_ARGENTINA,90
"FERNANDITO,_DISFRAZADO_DE_ESCOCES_-_VIDEOMATCH_98",LAZOS_DE_SANGRE,54
BERGAMOTA_MONICA_CASTRO:_¿PARIENTE_DE_CRISTIAN?_-_PELIGRO_SIN_CODIFICAR_2017,PELIGRO_SIN_CODIFICAR,90
EXCLUSIVE_SEASON_5_TRAILER_-_GEORDIE_SHORE_|_MTV,GEORDIE_SHORE,90
NO_ESTUDIO_COM_O_EX:_GABI_DOMINGUES,CORTO_Y_CAMBIO,51
CAPITULO_110_-_PARTE_3_-_BOTINERAS,LOUIE,54
EL_ROCK_DEL_CACHORRITO_CANCION_ESPECIALPATRULLA_CANINA_|_NICK_JR._ESPAÑA,PATRULLA_CANINA,90
LEANDRO_PENNA_Y_SU_EXITO_COMO_MODELO_-_SUSANA_GIMENEZ_2008,SUSANA_GIMENEZ,90
CHIQUITITAS_(4°_TEMPORADA)_-_CAPITULO_69,SAM_&_CAT,60
LOS_TANGUEROS_EN_LA_BOCA-_VIDEOMATCH_1999,STAND_UP,56
CAPITULO_162_-_PARTE_1_-_VERANO_DEL_98,VECINOS,51
"CAMPEONATO_DEL_CHISTE,_CHACO,_FREDY,_CORTITO_-_VIDEOMATCH",UNMATCHED,56
CHIQUITITAS_-_CAPITULO_32_-_PARTE_2,SAM_&_CAT,70
ILIANA_Y_MARINA_CALABRO_-_PARTE_3_-_SUSANA_GIMENEZ,SUSANA_GIMENEZ,90
CAPITULO_542_-_VERANO_DEL_98,VECINOS,51
"LOS_GROSOS,_SE_VAN_DE_GIRA_-_SUSANA_GIMENEZ_2008",SUSANA_GIMENEZ,90
PAW_PATROL_:_LA_PAT'PATROUILLE_|_BORIS_LE_DRAGON_|_NICKELODEON_JUNIOR,PAW_PATROL,90
MAKING_OF_-_PEÇA,ASKING_FOR_A_FRIEND,53
KALLY´S_MASHUP_2_|_¡DETRAS_DE_ESCENA!_|_LATINOAMERICA_|_NICKELODEON_EN_ESPAÑOL,TUTORIAL_LATINOAMERICANO,60
ABBY_HATCHER_HOTEL_SURPRISES:_TOUR_THE_HATCHER_PALACE_HOTEL!_|_NICK_JR.,ABBY_HATCHER,90
GAME_SHAKERS_|_MEGO_O_ROBÔ_|_NICKELODEON_EM_PORTUGUÊS,GAME_SHAKERS,90
"PENÍNSULA_VALDÉS,_RESERVA_DE_PINGÜINOS_-_PARTE_2_-_ZOO_BICHOS",SAM_&_CAT,50
JULIAN_SERRANO_PRESENTO_SU_LIBRO_-_MORFI,MORFI,90
BELLA_AND_THE_BULLDOGS_|_EX_A_DOMICILIO_|_NICKELODEON_EN_ESPAÑOL,COMEDIA_A_DOMICILIO,61
¿QUIENES_SUFRIERON_CONSECUENCIAS_POR_ESTAR_EXPUESTOS?_-_PH_PODEMOS_HABLAR_2019,PH_PODEMOS_HABLAR,90
CAPITULO_17_-_GOLPE_AL_CORAZON,LOOKAZO,51
CAPITULO_168_-_PARTE_3_-_VERANO_DEL_98,VECINOS,51
"#STANDUPENCOMEDY,_EDICION_ARGENTINA_-_RICARDO_BISIGNANO",STAND_UP,79
BELLATOR_MMA_FIGHTER_ESTEVAN_PAYAN_DISCUSSES_HOW_A_FAMILY_TRAGEDY_INSPIRES_HIM,BELLATOR,60
LIP_SYNC_BATTLE_-_DEON_COLE,LIP_SYNC_BATTLE,90
LA_URRACA_PACA_-_PELIGRO_SIN_CODIFICAR_2017,PELIGRO_SIN_CODIFICAR,90
"LA_CANTINA,_REGALO_DE_JORGE_-_PELIGRO_SIN_CODIFICAR",PELIGRO_SIN_CODIFICAR,90
"LOS_REBOS,_""CRUZA""_Y_""DELIBERY""_-_PELIGRO_SIN_CODIFICAR",PELIGRO_SIN_CODIFICAR,90
"GUILLERMO_Y_NICOLÁS_FRANCELLA_""NOS_REIMOS_MUCHOS""_-_SUSANA_GIMÉNEZ",SUSANA_GIMENEZ,84
"LA_ABUELA,_NUEVAS_TÉCNICAS_SEXUALES_-_SUSANA_GIMÉNEZ",SUSANA_GIMENEZ,84
SANTIAGO_VAZQUEZ_III_@_#STANDUPENCOMEDY,STAND_UP,79
"LAS_""PAPAS_AL_PONY""_DE_SEBASTIAN_-_MASTERCHEF_2015",STAND_UP,56
COMEDIA_A_DOMICILIO:_RECHAZO_AMOROSO_@_FRAN_HEVIA,COMEDIA_A_DOMICILIO,90
RESUMEN_SEMANAL:_AMOR_A_BORDO_-_CAMINO_AL_AMOR,CORTO_Y_CAMBIO,64
LAS_TORTUGAS_NINJA_|_CABEZA_CROMADA_|_TMNT_|_NICKELODEON_EN_ESPAÑOL,SAM_&_CAT,60
CAPITULO_3_-_COSTUMBRES_ARGENTINAS,BORGES,60
"CAPITULO_114_-_PARTE_3_-_YAGO,_PASION_MORENA",ASKING_FOR_A_FRIEND,52
CUANDO_SE_CIERRA_UNA_PUERTA..._-_100_DIAS_PARA_ENAMORARSE,100_DIAS_PARA_ENAMORARSE,90
MANUEL_BALBI_-_LIP_SYNC_MEXICO,LIP_SYNC_BATTLE,60
CAMARA_OCULTA_A_ANABEL_CHERUBITO._PARTE_2_-_VIDEOMATCH_98,EL_ARQUI,56
ESTOY_LOCO_-_MUSICALESCHIQUITITAS,RUTIZADOS,56
RULO_VERDE_VS._ROTWAILER_-_100%_LUCHA,LOUIE,54
CAPITULO_51_-_AMOR_EN_CUSTODIA,MORFI,54
FIGURETTI_EN_LA_ISLA_MARGARITA_EN_LA_CUMBRE_DE_PRESIDENTES_-_VIDEOMATCH_97,MTV_PRESENTS,68
CAPITULO_153_-_PARTE_1_-_VERANO_DEL_98,VECINOS,51
"CAMBIO_DE_LOOK,_NATALIA_-_VERSUS",LOOKAZO,62
RED_APOLLO_DE_SUPERPUP!_|_PAW_PATROL_|_NICK_JR._NEDERLANDS,PAW_PATROL,90
CAPITULO_175-_DULCE_AMOR,MORFI,68
PLAY_THE_NELLA_THE_PRINCESS_KNIGHT_GAME_'SLEEPY_DRAGON_ADVENTURE'_FOR_FREE_|_GAMES_|_NICK_JR.,NELLA_THE_PRINCESS_KNIGHT,90
ACAPULCO_SHORE_-_BLOOPERS,ACAPULCO_SHORE,90
NATHAN_GOES_PURE_AKKA_AT_SAM_AS_THE_LADS_KICK_OFF_OVER_A_DRESS_|_GEORDIE_SHORE_18,GEORDIE_SHORE,90
CAPITULO_159_-_BUENOS_VECINOS,VECINOS,90
A_DANÇA_DE_HALLOWEEN'VIDEO_MUSICAL_COM_OS_BUBBLE_GUPPIES_|_NICK_JR._|_BRAZIL_|_PORTUGUÊS,BUBBLE_GUPPIES,90
PROGRAMA_ESPECIAL_11_(24-09-2017)_-_¿EN_QUE_MANO_ESTA?,INFORMES_ESPECIALES,57
CELEBS_PLAY_NEVER_HAVE_I_EVER_|_LIVE_STREAM,MTV_CELEB,57
DRUNK_HISTORY_-_EPISODIO_05,DRUNK_HISTORY,90
FREDDY_BELTRAN_II_@_#STANDUPENCOMEDY,STAND_UP,79
"LOS_JUEGOS_DE_LA_CORONA,_SANDRA_CALLEJON,_PILETA_-_VIDEOMATCH_98",MORIR_DE_AMOR,56
MAKE_IT_|_BLAZE_RACE_FLAG_|_NICK_JR._UK,FLAPS,54
ESPECIAL_TEATRO:_ULTIMO_CAPITULO_(01-12-2016)_-_EDUCANDO_A_NINA,ACAPULCO_SHORE,55
CONOCE_A_LOS_PEREYRA_-_LATEN_CORAZONES,SAM_&_CAT,60
CAPITULO_132_-_GRANDE_PA,STAND_UP,56
"EL_SHOW_MUSICAL_DE_LOS_CHICOS,_LEJANO_OESTE_-_VIDEOMATCH",NOOBEES,64
LOS_ROLDAN_-_CAPITULO_19_-_PARTE_1,SAM_&_CAT,60
CAPITULO_25_-_PARTE_2_-_MONTECRISTO,ENTRE_RISOS,60
CAMINO_AL_DUELO:_ROGELIA_PEREZ_-_ELEGIDOS,KEY_&_PEELE,58
PAW_PATROL_:_LA_PAT'_PATROUILLE_|_ALEX_LE_GEANT_ET_MONSIEUR_TURBOT_|_NICKELODEON_JUNIOR,PAW_PATROL,60
JUAN_PELAEZ_I_@_#STANDUPENCOMEDY,STAND_UP,79
MAMAS_GRATIS_CON_MAMBRÚ_-_VIDEOMATCH,CANTICOS,56
FRAN_HEVIA_|_STAND_UP_|_COMEDY_CENTRAL_MEXICO,STAND_UP,90
CAPITULO_21_-_CHIQUITITAS_2001,RUTIZADOS,50
GEORDIE_SHORE_SEASON_4_-_VICKY'S_GOT_MEAT_|_MTV,GEORDIE_SHORE,90
NELLA_THE_PRINCESS_KNIGHT_|_THE_BRAVE_DRAGON_|_NICK_JR._UK,NELLA_THE_PRINCESS_KNIGHT,90
SIN_VUELTAS:_CRECE_EL_AMOR_DE_#LUTIAGO_-_GOLPE_AL_CORAZON,RUTIZADOS,57
CAPITULO_253_-_SE_DICE_AMOR,MORFI,68
GET_TO_KNOW_ADAM_|_GEORDIE_SHORE_17,GEORDIE_SHORE,90
"EL_SHOW_DEL_LOCUTOR,_PROBANDO_EL_MICROFONO_–_VIDEOMATCH_99",SOUTH_PARK,54
"SHOW_DEL_CHISTE,_ROLANDO:_LA_CITA_-_VIDEOMATCH",UNMATCHED,56
CAPITULO_98_-_PARTE_1_-_VERANO_DEL_98,VECINOS,51
ALLEN_IVERSON_GETS_BOOTED_AT_HIS_OWN_PARTY_|_PUNK'D,SOUTH_PARK,54
CAPITULO_259_-_PARTE_2_-_CHIQUITITAS,RUTIZADOS,56
CAPITULO_134_-_PARTE_2_-_MUÑECA_BRAVA,UNA_PARTE_DE_MI,54
LAS_TORTUGAS_NINJA_|_PRIMERA_PELEA_NINJA_|_TMNT_|_NICKELODEON_EN_ESPAÑOL,PAW_PATROL,51
SAM_Y_CAT_|_UN_CHICO_TORPE_|_NICKELODEON_EN_ESPAÑOL,SAM_&_CAT,80
BANNERS_|_CORTO_Y_CAMBIO_|_COMEDY_CENTRAL_ESPAÑA,CORTO_Y_CAMBIO,90
GOLDEN_MOMENTS_|_ACHADOS_E_PERDIDOS_|_NICKELODEON_EM_PORTUGUÊS,TEEN_MOM,68
BELLATOR_MMA_HIGHLIGHTS:_HEAVY_HITTING_HEAVYWEIGHTS,BELLATOR,90
BOB_ESPONJA_|_MEDICO_PROFISSIONAL_|_NICKELODEON_EM_PORTUGUÊS,GUYS_TRY,50
EL_ROAST_DE_DAVID_HASSELHOFF_-_LISA_LAMPANELLI,THE_ROAST_OF,60
CAPITULO_26_(19-12-2016)_-_POR_AMARTE_ASI,YO!_MTV_RAPS,52
CAPITULO_11_(27-04-2016)_-_EDUCANDO_A_NINA,CHACHAREANDO_CON_MANU_NNA,50
CAPITULO_72_-_COSTUMBRES_ARGENTINAS,BORGES,60
"TINI_STOESSEL:_""NUNCA_ESTUVE_CON_UN_CHICO_SIN_ANTES_CONOCERLO""_-_MORFI",MORFI,60
SIN_PRINCIPIO_NI_FINAL_(ABEL_PINTOS):_NICOLAS_REYNA_-_ELEGIDOS,KEY_&_PEELE,66
"SOLE,EL_BAHIANO-VERSUS_2010",EL_ARQUI,56
CAPITULO_16_-_PARTE_3_-_MUÑECA_BRAVA,UNA_PARTE_DE_MI,54
CAPITULO_10_-_LA_LEY_DEL_AMOR,MORFI,68
CHIQUITITAS_(8°_TEMPORADA)_-_CAPITULO_19,SAM_&_CAT,60
GRADUADOS_-_CAPITULO_176_-_PARTE_2,SAM_&_CAT,70
RUSTY_RIVETS_|_NICK_JR._|_ADVENTURE_IN_THE_MAKING_|_SERIES_PREMIERE_TRAILER,RUSTY_RIVETS,90
AVENGERS:_AGE_OF_ULTRON:_FUNNIEST_BEHIND-THE-SCENES_MOMENTS_|_MTV_MOVIES,MTV_MOVIES,90
CAPITULO_59-_CHIQUITITAS_2000,RUTIZADOS,50
MIKE_CHOUHY_I_@_#STANDUPENCOMEDY,STAND_UP,79
CAPITULO_110_-_PARTE_1_-_DULCE_AMOR,MORFI,68
MARCELA_LE_CUENTA_A_RAFA_LA_VERDAD_DE_SU_TRANSPLANTE_-_GOLPE_AL_CORAZON,VERDADES_SECRETAS,58
GRACIAS_JAVIER_PORTALES_-_SABADO_BUS,SAM_&_CAT,50
CAPITULO_308_-_PARTE_2_-_VERANO_DEL_98,VECINOS,51
LA_CONFESION_DE_AGUSTINA_KÄMPFER_A_GABRIEL_CORRADO_-_CORTA_POR_LOZANO,CORTA_POR_LOZANO,90
GUILLERMINA_VALDES_Y_LOS_DOMINGOS_CON_LOS_ORTEGA_-_SÁBADO_BUS,VIVO_CON_MODELOS,56
COMO_CONSERVAR_CORRECTAMENTE_VERDURAS_DE_HOJA_PARA_QUE_DUREN_15_DIAS_EN_BUEN_ESTADO_-_MORFI,MORFI,60
JEY_MAMON_Y_LAURA_ESQUIVEL_SON_EVALUADOS_POR_EL_JURADO_-_TU_CARA_ME_SUENA_2014,POR_EL_MUNDO,68
LEGISLANDO_CON_FERNANDO_SANJIAO-_LA_CULPA_ES_DE_COLON,LA_CULPA_ES_DE_LLORENTE,76
UN_MINUTO_DE_LA_KIKIS_@_#STANDUPENCOMEDY,STAND_UP,79
SUPER_SHORE_I_ACADEMIA_DE_IDIOMASI_TEMP_1_EP_3,SUPER_SHORE,90
FULGENCIO_MEJIA_VS._LA_MASA_-_100%_LUCHA,LA_FAMILIA_P.LUCHE,52
FIGURETTI_CON_XUXA_EN_EL_PARQUE_DE_LA_COSTA_-_VIDEOMATCH_97,EL_ARQUI,79
SAM_Y_CAT_|_SAM_ES_LA_JEFA_|_NICKELODEON_EN_ESPAÑOL,SAM_&_CAT,80
GEORDIE_SHORE_1602_|_OH_SH*T!_CHLOE_KICKS_OFF_AT_ABBIE_OVER_SAM_FLANTER,GEORDIE_SHORE,90
TARTARUGAS_NINJA_|_A_FILOSOFIA_DE_CONTINUAR_VIVO_|_NICKELODEON_EM_PORTUGUÊS,PATRULLA_CANINA,60
GEORDIE_SHORE_BBB|_CRAZIEST_HOUSEPARTIES!!_|_MTV,GEORDIE_SHORE,90
"HAGO_LO_QUE_SEA_POR_LA_MONA_JIMENEZ,_PARTE_02_-_SUSANA_GIMENEZ_2007",SUSANA_GIMENEZ,90
VANESSA_HUDGENS_ON_A_HIGH_SCHOOL_MUSICAL_SPINOFF!_|_DOG_DAYSMTV_MOVIES,MTV_MOVIES,90
"EL_SHOW_DEL_CHISTE,_LORD_-_VIDEOMATCH",UNMATCHED,57
FRANK_MARTINEZ_I_@_#STANDUPENCOMEDY,STAND_UP,79
"SHOW_DEL_CHISTE,_PUCHETA,_ESTADISTICA_-_VIDEOMATCH_98",MTV_PUSH,56
AYTOBR_EXTRAS_EP._06:_BARBARA_REVELA_UMA_VONTADE_EM_JOGO_DA_VERDADE,LA_LISTA_TONTA,58
LA_PREVIA_DE_FLOR_PEÑA_COMO_LA_SIRENITA_-_TU_CARA_ME_SUENA_2014,LA_PEÑA_DE_MORFI,66
"LA_PEÑA,_SCHWEINSTEIGER,_BROMA_-_PELIGRO_SIN_CODIFICAR",PELIGRO_SIN_CODIFICAR,90
"LA_ABUELA,_LOS_VESTIDOS_CON_COLA_Y_EL_COLÓN_-_SUSANA_GIMÉNEZ",SUSANA_GIMENEZ,84
FRESH_BEAT_BAND_OF_SPIES_|_FROZEN_FRESH_BEATS_|_NICK_JR._UK,FRIENDS_FEST,60
RADAGAST_I_@_#STANDUPENCOMEDY,STAND_UP,79
LOS_MEJORES_MOMENTOS_DE_FLOR_PEÑA_-_TU_CARA_ME_SUENA_2014,ULTIMO_MOMENTO,58
CHIQUITITAS_(2°_TEMPORADA)_-_CAPITULO_142,SAM_&_CAT,60
GRADUADOS_-_CAPITULO_173_-_PARTE_2,SAM_&_CAT,70
KALLY´S_MASHUP_|_STILL_(DUET)_|_NICKELODEON_EN_ESPAÑOL,NOOBEES,51
"ALEJANDRA_MAGLIETTI:_""HICE_TERAPIA_5_AÑOS""_-_CORTA_POR_LOZANO_2019",CORTA_POR_LOZANO,90
LIAM_HEMSWORTH'S_NAKED_SURPRISE_|_PUNKD,RISE_TMNT,61
BOB_ESPONJA_|_JUGUETES_VIEJOS_PARA_NIÑOS_|_ESPAÑA_|_NICKELODEON_EN_ESPAÑOL,MTV_MOVIES,54
BEST_OF:_FEDOR_&_RYAN_BADER,EL_GRAN_BARTENDER,60
PEDIDO_DE_DISCULPAS_DE_MIGUEL_ROMANO_-_SUSANA_GIMENEZ,SUSANA_GIMENEZ,90
CHISTES_DE_ARGENTINOS_-_VIDEOMATCH,VECINOS,64
BELLATOR_178_LIVE_WEIGH_INS,BELLATOR,90
RECETA_EXPRESS:_PINCHO_DE_CARLITOS_-_MORFI,MORFI,60
ERNESTO_FERNANDEZ:_PUERTA_-_ELEGIDOS,KEY_&_PEELE,58
KALLY´S_MASHUP_|_DANTE_ES_EL_NOVIO_DE_KALLY_|_LATINOAMERICA_|_NICKELODEON_EN_ESPAÑOL,TUTORIAL_LATINOAMERICANO,60
CAPITULO_82_(31-08-2016)_-_EDUCANDO_A_NINA,CHACHAREANDO_CON_MANU_NNA,50
CHIQUITITAS_(4°_TEMPORADA)_-_CAPITULO_86,SAM_&_CAT,60
"GRANDES_POESIAS,_PALERMO_Y_LATORRE_–_VIDEOMATCH_98",BELLATOR,56
LAS_CONFESIONES_DE_PAULA_CHAVES_-_CORTA_POR_LOZANO_2018,CORTA_POR_LOZANO,90
PROGRAMA_78_(31-08-2016)_-_NOTICAMPI,CANTICOS,45
VIEJOS_JUGUETES_INFANTILES_|_BOB_ESPONJA_EN_ESPAÑOL,THE_NANNY,60
CAPITULO_201_-_HERENCIA_DE_AMOR,MORFI,68
THE_LOUD_HOUSE_|_MISION_SECRETA_|_NICKELODEON_EN_ESPAÑOL,THE_LOUD_HOUSE,90
GET_BLAKE_|_GUERRA_DE_OVOS_|_NICKELODEON_EM_PORTUGUÊS,CASO_CERRADO,52
PROGRAMA_909_(04-01-2019)_-_MORFI,MORFI,90
RENCORES_DEL_PASADO_-_ELIF,ELIF,90
FUI_UN_NIÑO_GILIPOLLAS_|_KACO_FORNS_|_COMEDY_CENTRAL_ESPAÑA,COMEDY_FEST,74
THE_LOUD_HOUSE_|_REMIX_DA_MUSICA_DE_ABERTURA!|_NICKELODEON_EM_PORTUGUÊS,THE_LOUD_HOUSE,90
LA_MONA_LIZY_EN_EL_MUSEO_DEL_LOUVRE_-_POR_EL_MUNDO_MUNDIAL,POR_EL_MUNDO,90
"CARLOS_NAIR_MENEM:_""COMETI_TODOS_LOS_ERRORES_Y_PAGUE_POR_ELLOS""_-_PAMPITA_ONLINE",POR_EL_MUNDO,57
"JAIRO_CANTA_""LOS_ENAMORADOS""_-_LA_PEÑA",BAR_CENTRAL,58
CAPITULO_93_-_CHIQUITITAS_2000,RUTIZADOS,50
OS_PADRINHOS_MAGICOS_|_NÃO_ESTA_NA_LISTA_|_NICKELODEON_EM_PORTUGUÊS,LA_LISTA_TONTA,58
EL_ELEGIDO_-_CAPITULO_59_-_PARTE_3,SAM_&_CAT,60
"CAROLA_REYNA_EN_""LOS_VECINOS_EN_GUERRA""_-_AM",VECINOS,90
BOB_ESPONJA_|_CAÇANDO_EXTRATERRESTRES_|_NICKELODEON_EM_PORTUGUÊS,RESISTIRE,60
MATIAS_CARRICA_CANTA_PARA_QUE_APRENDAS_-_PELIGRO_SIN_CODIFICAR_2015,PELIGRO_SIN_CODIFICAR,90
LA_FLIA_GRACIA_BELSUNCE_Y_SU_VERSION_DE_LOS_HECHOS_PARTE_5_-SUSANA_GIMENEZ,SUSANA_GIMENEZ,90
EDUARDO_TALAVERA_II_@_#STANDUPENCOMEDY_-_PANICO_Y_LOCURA_EN_LA_COMEDIA,COMEDY_FEST,67
RUSTY_RIVETS_|_RUSTY'S_RUSTIC_ADVENTURE_|_NICK_JR._UK,RUSTY_RIVETS,90
UNPLUGGED_EN_VIVO:_LERNER_Y_LA_MOSCA_-_VIDEOMATCH,MTV_UNPLUGGED,66
YO_SOY_FRANKY_|_EL_DIENTE_DE_FRANKY_|_NICKELODEON_EN_ESPAÑOL,KEY_&_PEELE,66
BELLATOR_219:_FIGHT_HIGHLIGHTS,BELLATOR,90
FIESTA_FUNDALEU_-_VERSUS,STAND_UP,56
PROGRAMA_83_-_RESISTIRE,RESISTIRE,90
"""ERES_PARA_MI""_JULIETA_VENEGAS:_ACUSTICO_EN_VIVO_-_MORFI",MORFI,60
LIP_SYNC_BATTLE_-_BEN_KINGSLEY,LIP_SYNC_BATTLE,90
TU_CANA_ME_SUENA:_TITI_FERNANDEZ_-_PELIGRO_SIN_CODIFICAR,PELIGRO_SIN_CODIFICAR,90
CAPITULO_90_-_CELESTE_SIEMPRE_CELESTE,JERSEY_SHORE,52
¡DANIA_CONTRA_TODOS!_|_ACAPULCO_SHORE,ACAPULCO_SHORE,90
BELLATOR_MMA:_FOUNDATIONS_WITH_JOE_SCHILLING,BELLATOR,90
BUDIN_DE_PAN_-_MORFI,MORFI,90
DAREDEVIL_SEASON_2_STAIRWELL_FIGHT:_BEHIND_THE_SCENES_|_MTV_MOVIES,MTV_MOVIES,90
CLARIBEL_E_ILIANA_CALABRO_SON_AZUCAR_MORENO_-_TU_CARA_ME_SUENA_2015,SAM_&_CAT,57
NATHAN_GOES_PURE_AKKA_AT_SAM_AS_THE_LADS_KICK_OFF_OVER_A_DRESS_|_GEORDIE_SHORE_18,GEORDIE_SHORE,90
SHIMMER_&_SHINE_|_LE_SPECTACLE_DE_MAGIE_|_NICKELODEON_JUNIOR,SHIMMER_&_SHINE,90
SHIMMER_AND_SHINE_|_ZAC_THE_CLUELESS_DETECTIVE_|_NICK_JR._UK,SHIMMER_&_SHINE,72
"DAVID_LEBON_Y_NAHUEL_PENNISI_CANTAN_""MUCHACHA_(OJOS_DE_PAPEL)""_-_LA_PEÑA_DE_MORFI",LA_PEÑA_DE_MORFI,90
GEORDIE_SHORE_SEASON_5_-_CHARLOTTE'S_SLIPPERY_NIPPLE_|_MTV,GEORDIE_SHORE,90
"CAPITULO_135_-_PARTE_2_-_YAGO,_PASION_MORENA",ASKING_FOR_A_FRIEND,52
GEORDIE_SHORE_15_|_12_VERY_PERSONAL_QUESTIONS_WITH_GAZ_BEADLE_-_MTV_SHOWS,GEORDIE_SHORE,90
FATIMA_FLOREZ_SUPERO_SU_PEOR_FOBIA_EN_VIVO_-_CORTA_POR_LOZANO,CORTA_POR_LOZANO,90
ROMEO_SANTOS_LE_HIZO_UN_BAILE_HOT_A_SUSANA_-_SUSANA_GIMENEZ_2017,SUSANA_GIMENEZ,90
CAPITULO_89_-_VIUDAS_E_HIJOS_DEL_ROCK_&_ROLL,VECINOS,51
OS_THUNDERMANS_|_NOVOS_PODERES|_PORTUGAL_|_NICKELODEON_EM_PORTUGUÊS,THE_THUNDERMANS,72
DAVID_BRONCANO_VS_BERTO_ROMERO_|_ROAST_BATTLE_|_COMEDY_CENTRAL_ESPAÑA,ROAST_BATTLE,90
LA_ABUELA:_CARTA_DEL_REMISERO_A_SUSANA_-SUSANA_GIMÉNEZ,SUSANA_GIMENEZ,84
DALIA_GUTMANN_II_@_#STANDUPENCOMEDY,STAND_UP,79
¡COCO_LE_LEVANTA_LA_MANO_A_SU_HIJA!_-_LA_LEONA,LA_LISTA_TONTA,58
"""EL_AMOR_QUE_RECIBO_DE_ELLOS_ES_IMPAGABLE""_-_¿QUIEN_QUIERE_SER_MILLONARIO?",QUIEN_QUIERE_SER_MILLONARIO,90
BANDA_ANCHA_CON_NICOLE_NEUMANN_-_VIDEOMATCH,UNMATCHED,56
IMITACIÓN_DE_PEDRO_ALMODÓVAR-_VIDEOMATCH,UNMATCHED,56
FEDERICO_GOMEZ_EN_VIVO_-_MORFI,MORFI,90
SAM_FAZ_SURPRESA_FOFA_PARA_CHLOE_|_GEORDIE_SHORE_EP.06,GEORDIE_SHORE,90
"LOS_PERICOS,_""WAITING""_-_SABADO_BUS",VECINOS,51
PAW_PATROL_:_LA_PAT'_PATROUILLE_|_MAURICE_PRIS_AU_PIÈGE_|_NICKELODEON_JUNIOR,PAW_PATROL,90
"SILVINA_LUNA_Y_METACRILATO,_NO_MIGRA_–_SUSANA_GIMENEZ",SUSANA_GIMENEZ,90
CHIQUITITAS_(3°_TEMPORADA)_-_CAPITULO_43,SAM_&_CAT,60
ALEXANDER_SKARSGÅRD_AND_MICHAEL_PEÑA_GO_SPEED_DATING_|_MTV_MOVIES,MTV_MOVIES,90
CAPITULO_39_-_CUANDO_ME_SONREIS,BORGES,60
PROGRAMA_941_(26-03-2019)_-_MORFI,MORFI,90
"MUY_PRONTO_LLEGA_""FANNY_LA_FAN"":_UNA_HISTORIA_MUY_DIVERTIDA",DRUNK_HISTORY,62
LIP_SYNC_BATTLE_-_BEN_HIGGINS,LIP_SYNC_BATTLE,90
NOTA_A_FER_DENTE_COMO_SUSAN_BOYLE_-_AM,TEEN_MOM,56
CAPITULO_100_-_PARTE_1_-_DULCE_AMOR,MORFI,68
MIRIAM_LANZONI_Y_SU_FAMILIA_ENSAMBLADA_-_CORTA_POR_LOZANO_2019,CORTA_POR_LOZANO,90
SOUTH_PARK_-_IMAGINALÂNDIA_II,SOUTH_PARK,90
CAPITULO_76_-_PARTE_1_-_CHIQUITITAS,RUTIZADOS,56
EL_CHINO_LEUNIS_EN_#ESCUALQUIERALAPREGUNTA,EL_PRECIO_JUSTO,54
"1,_2,_3…_COLORIAGE_!_|_RUSTY_RIVETS_:_INVENTEUR_EN_HERBE_|_VAS-Y_BOTOSAURE_|_NICKELODEON_JUNIOR",RUSTY_RIVETS,90
BELLATOR_MMA:_CHAMPIONS_WITH_DOUGLAS_LIMA,BELLATOR,90
"MARIANELA_MIRRA,_ABSTINENCIA_E_INTIMIDAD_-_SUSANA_GIMENEZ_2007",SUSANA_GIMENEZ,90
SPONGEBOB_|_PIQUENIQUE_DA_EMPRESA_|_PORTUGAL_|_NICKELODEON_EM_PORTUGUÊS,SPONGEBOB_SQUAREPANTS,60
SHIMMER_AND_SHINE_|_SING_ALONG_-_THE_GENIE_SONG_|_NICK_JR._UK,SHIMMER_&_SHINE,72
A_BATALHA_NAVAL_MAIS_SAFADA_DO_BRASIL_|_DE_FERIAS_COM_O_EX_BRASIL_EP._5,DE_FERIAS_COM_O_EX_BRASIL,90
CHIQUITITAS_-_CAPITULO_6_-_PARTE_2,SAM_&_CAT,70
LA_HISTORIA_DE_AMOR_ENTRE_MANE_&_TADEO_|_ACAPULCO_SHORE_1,ACAPULCO_SHORE,90
FIGURETTI_EN_BUENOS_AIRES_NO_DUERME_-_VIDEOMATCH_1997,VECINOS,51
CRAZY_PARTY_GETS_SHUT_DOWN_BY_THE_POLICE_|_MY_SUPER_SWEET_16,SUPER_SHORE,66
LOS_EXITOSOS_PELLS_-_CAPITULO_96_-_PARTE_2,SAM_&_CAT,70
DIEGO_ZANASSI_II_@_#STANDUPENCOMEDY_-_CHILANGA_BANDA,STAND_UP,79
MUERTES_ESTUPIDAS:_JUANA_DE_ARCO_|_LA_HORA_CHANANTE_|_COMEDY_CENTRAL_ESPAÑA,LA_HORA_CHANANTE,90
LOS_EXITOSOS_PELLS_-_CAPITULO_29_-_PARTE_1,SAM_&_CAT,70
MINUTO_PARA_GANAR_-_VUELA_VUELA,MINUTO_PARA_GANAR,90
ONEREPUBLIC_'COUNTING_STARS'_VS_BACKSTREET_BOYS_'EVERYBODY'_REACTIONS_|_MTV_MUSIC,ISLE_OF_MTV,58
CAPITULO_116_-_ENAMORARTE,MORFI,54
"MATRIMONIO_IGUALITARIO,_HIJO_HOMOSEXUAL_-_VÉRTIGO",MYSTICONS,50
CAPITULO_143_-_PARTE_2_-_DULCE_AMOR,MORFI,68
FLORENCIA_PEÑA_EMOCIONADA_AL_IMITAR_A_EDITH_PIAF_-_TU_CARA_ME_SUENA_2014,LA_PEÑA_DE_MORFI,60
LA_FAMILIA_DE_OMAR_SOSPECHA_DE_SU_RELACION_CON_ELIF_-_KARA_PARA_ASK,KARA_PARA_ASK,90
¿QUIEN_LE_SACA_LAS_FOTOS_A_SOL_PEREZ?_-_CORTA_POR_LOZANO_2019,CORTA_POR_LOZANO,90
LAS_TORTUGAS_NINJA_|_FIGURAS_CON_LAS_MANOS_|_TMNT_|_NICKELODEON_EN_ESPAÑOL,PAW_PATROL,51
"EL_MAGO_BLACK_Y_LA_TOTA,_TRUCO_CON_ALIANZA_-_SUSANA_GIMENEZ_2007",SUSANA_GIMENEZ,90
AITCH_-_INTRO_(YO!_MTV_RAPS_ORIGINAL)_[EXPLICIT]_|_MTV_MUSIC,YO!_MTV_RAPS,90
"RADAGAST_Y_JORGE_VAZQUEZ:_""CORAZON_CON_AGUJERITOS""_-_SOY_RADA_SHOW",CONFESIONES_CON_ALEXIS,53
"AMERICO_JUNTO_A_CACHO_MARLEY_CANTAN_""TE_VAS""_-_PELIGRO_SIN_CODIFICAR_2015",PELIGRO_SIN_CODIFICAR,90
CHARLOTTE_CROSBY_&_JOSH_RITCHIE'S_COMPLIMENT-OFF_|_JUST_TATTOO_OF_US_4,JUST_TATTOO_OF_US,90
GRADUADOS_-_CAPITULO_26_-_PARTE_3,SAM_&_CAT,70
"FACUNDO_ARANA:_""TU_VIDA_VA_SOBRE_ROLLERS""_-_SUSANA_GIMÉNEZ",SUSANA_GIMENEZ,84
POR_FIN_UNA_GRANDE_EN_CASA'_|_LA_CULPA_ES_DE_COLON_|_COMEDY_CENTRAL_LA,COMEDY_FEST,74
VINHETA_DA_NICK_EM_BLOCOS_DE_MONTAR_(2003)_|_CLASSICOS_NICK_|_NICKELODEON_EM_PORTUGUÊS,MORIR_DE_AMOR,56
CAPITULO_141_-_PARTE_1_-_LOS_ROLDAN,UNA_PARTE_DE_MI,51
LOS_EXITOSOS_PELLS_-_CAPITULOS_131_-_PARTE_3,SAM_&_CAT,70
GRANDES_BELLEZAS_INTERNACIONALES_CON_GERALDINE_NEUMANN_(PARTE_2)_-_SABADO_BUS_2011,CONFESIONES_CON_ALEXIS,58
RYAN_IS_COMING_TO_NICK_JR.!_|_TRAILER_&_BTS_|_RYAN’S_MYSTERY_PLAYDATE,HENRY_DANGER,52
CAPITULO_30_-_LUNA_SALVAJE,ACAPULCO_SHORE,46
"NICKY,_RICKY,_DICKY_&_DAWN_|_EMPILHANDO_COPOS_|_BRASIL_|_NICKELODEON_EM_PORTUGUÊS","NICKY,_RICKY,_DICKY_&_DAWN",90
ALONSO_-_CD9_-_LIP_SYNC_MEXICO,LIP_SYNC_BATTLE,60
SAM_Y_CAT_|_CAT_PIERDE_LA_MEMORIA_|_NICKELODEON_EN_ESPAÑOL,SAM_&_CAT,80
CAPITULO_86_-_FRECUENCIA_04,FRIENDS,51
KUCHCIWROŻKIPIOSENKA_TYTUŁOWANOWY_SERIAL_OD_TWORCOW_BĄBELKOWEGO_ŚWIATA_GUPIKOW_|_POLSKA,AMY_SCHUMER,50
CAPITULO_195_-_PARTE_2_-_LOS_ROLDAN,UNA_PARTE_DE_MI,51
GEORDIE_SHORE_15_|_WHAT'S_IN_A_GEORDIE'S_SUITCASE?_-_MTV_SHOWS,GEORDIE_SHORE,90
"SETH_ROGEN_&_CHARLIZE_THERON_ON_GAME_OF_THRONES,_MARVEL_&_LONG_SHOT_|_MTV_MOVIES",MTV_MOVIES,90
"FIDEL_A_PAUL:_""NOS_EQUIVOCAMOS_AL_MUDARNOS_JUNTOS""_-_100_DIAS_PARA_ENAMORARSE",100_DIAS_PARA_ENAMORARSE,90
RUTIZADOS_|_COMO_HABLAR_EN_PUBLICO_|_LATINOAMERICA_|_NICKELODEON_EN_ESPAÑOL,RUTIZADOS,60
"¡MARCELA_MORELO_CANTA_""DESTINADOS_PARA_AMAR""_EN_VIVO!_-_¿EN_QUE_MANO_ESTA?",MINUTO_PARA_GANAR,64
"ABEL,_EL_MAS_GALARDONADO_-_PELIGRO_SIN_CODIFICAR",PELIGRO_SIN_CODIFICAR,90
LAS_TORTUGAS_NINJA_|_DESASTRE_Y_UNO_|_TMNT_|_NICKELODEON_EN_ESPAÑOL,ARE_YOU_THE_ONE?,51
"""EL_DIARIO_DE_MARIANA""_MEJOR_MAGAZINE_-_PREMIOS_TATO_2017",EL_ARQUI,68
HENRY_DANGER_|_REMIX_JACE_NORMAN_|_BRASIL_|_NICKELODEON_EM_PORTUGUÊS,HENRY_DANGER,90
PAW_PATROL_:_LA_PAT'PATROUILLE_|_MISSION_PÔLE_NORD_|_NICKELODEON_JUNIOR,PAW_PATROL,90
GPS_FACHO_-_LA_CULPA_ES_DE_COLON,LA_CULPA_ES_DE_CABRAL,75
CHIQUITITAS_(2°_TEMPORADA)_-_CAPITULO_119,SAM_&_CAT,60
RUTIZADOS_|_COMO_HABLAR_EN_PUBLICO_|_LATINOAMERICA_|_NICKELODEON_EN_ESPAÑOL,RUTIZADOS,60
20_CENAS_COM_PIADA_SOBRE_O_SPONGEBOB:_SQUIDWARD_|_PORTUGAL_|_NICKELODEON_EM_PORTUGUÊS,SPONGEBOB_SQUAREPANTS,64
"DIANA,_LA_LECHONA_QUE_TUVO_14_PERRITOS",TOSH.0,60
CAPITULO_182_-_PARTE_1_-_VERANO_DEL_98,VECINOS,51
CAPITULO_48_-_CHIQUITITAS_2000,RUTIZADOS,50
"EL_SHOW_MUSICAL_DE_LOS_CHICOS,_PABLO_-_VIDEOMATCH",CASADOS_CON_HIJOS,58
MECANICKANDO_CON_ROX_|_TUTORIAL_6_|_PULSERA_DE_TUERCAS_|_NICKELODEON_EN_ESPAÑOL,CASADOS_CON_HIJOS,58
"ROBERTO_ANDRADE_""TIO_ROBER""_I_@_#STANDUPENCOMEDY",STAND_UP,79
BRILHANTE_VICTORIA_|_APRESENTANDO_CAT_|_NICKELODEON_EM_PORTUGUÊS,VICTORIOUS,63
ACAPULCO_SHORE_|_NIKKI_VS_LA_CASA,ACAPULCO_SHORE,90
"SILVIA_SULLER_""HAY_QUE_PROBAR_TODO_EN_LA_VIDA""-_SUSANA_GIMÉNEZ",SUSANA_GIMENEZ,84
"IVAN_NOBLE_""DONDE_GUSTES_Y_CUANDO_QUIERAS""_-_PELIGRO_SIN_CODIFICAR",PELIGRO_SIN_CODIFICAR,90
ROARY_LA_VOITURE_DE_COURSE_|_L'ORDINATEUR_|_NICKELODEON_JUNIOR,LA_CULPA_ES_DE_CORTES,56
SHIMMER_AND_SHINE_|_CLEANIE_GENIES_|_NICK_JR._UK,SHIMMER_&_SHINE,72
RUTIZADOS_|_APRENDER_DE_LOS_ERRORES_|_LATINOAMERICA_|_NICKELODEON_EN_ESPAÑOL,RUTIZADOS,60
VITO_SE_ENTERA_DEL_EMBARAZO_DE_LUCIANA_-_CAMPANAS_EN_LA_NOCHE,CAMPANAS_EN_LA_NOCHE,90
EL_ROAST_DE_JUSTIN_BIEBER_-_JEFF_ROSS,THE_ROAST_OF,60
CAPITULO_11_-_PARTE_1_-_VERANO_DEL_98,VECINOS,51
SHANNON_GETS_EMOTIONAL_AS_CHARLIE_FAILS_TO_HELP_HER_WHILE_SHE’S_ILL_|_TEEN_MOM_UK_4,TEEN_MOM,60
"EBER_LUDUEÑA,_¿CÓMO_LE_DICEN_A...?_-_PELIGRO_SIN_CODIFICAR",PELIGRO_SIN_CODIFICAR,90
JASPER'S_TOP_5_SUPER_SPECIAL_MOMENTS_‍♂️_BUTTERBEAN’S_CAFE_|_NICK_JR.,BUTTERBEAN'S_CAFE,90
EL_SUEÑO_DE_LOS_ASES_POR_JANSENSON_-_MORFI,MORFI,60
CHIQUITITAS_(1°_TEMPORADA)_-_CAPITULO_77,SAM_&_CAT,60
"EVANGELINA_REBOSIO_Y_SU_PRIMO_JOAQUIN_CANTAN_""LA_LLAVE""_-_LATEN_CORAZONES",LAZOS_DE_SANGRE,51
TARTARUGAS_NINJA_|_ATAQUE_DOS_INSETOS_|_NICKELODEON_EM_PORTUGUÊS,PATRULLA_CANINA,60
GRADUADOS_-_LA_TRANSFORMACION_DE_ISABEL_MACEDO_A_JIMENA,RUTIZADOS,60
LOS_TOPUS_4_-_VIDEOMATCH,UNMATCHED,56
PROGRAMA_41_(10-07-2017)_-_NOTICAMPI,CANTICOS,45
MANU_NNA_II_@_#STANDUPENCOMEDY_-_LA_FUENTE_DE_LA_JUVENTUD,STAND_UP,79
"RICARDO_PEREZ,_SLOBOTZKY_&_ERIK_VARGAS_-_PARTE_3_|_BAR_CENTRAL_|_COMEDY_CENTRAL_MEXICO",BAR_CENTRAL,90
DORA_AND_FRIENDS_|_NIGHT_CIRCUS_|_NICK_JR._UK,FRIENDS,90
KLAAR_VOOR_DE_SNEEUW_MET_PAW_PATROL!_☃️_|_NICK_JR._NEDERLANDS,PAW_PATROL,90
"DESENCHUFADOS,_CANTAN_SOBRE_LOS_MARTIN_FIERRO_-_VIDEOMATCH",MARTIN_FIERRO_2019,70
"LAS_TORTUGAS_NINJA_|_JUEGA_CON_""BATALLA_FINAL""_|_TMNT_|_NICKELODEON_EN_ESPAÑOL",PATRULLA_CANINA,54
KCA_|_JOÃO_GUILHERME_NO_TAPETE_LARANJA_|_NICKELODEON_EM_PORTUGUÊS,HUERFANAS,50
PROGRAMA_DIARIO_14_(14-02)_-_DESPEDIDA_DE_SOLTEROS,SWIPE_DATE,54
"ANDRES_NARA:_""ME_LLEVO_MEJOR_CON_MAXI_QUE_CON_WANDA""_-_PAMPITA_ONLINE",PATRULLA_CANINA,50
"EL_PEOR_DÍA_DE_TU_VIDA,_FOTOGRAFO,_PARTE_1_-_VIDEOMATCH",CHICAS_DE_VIAJE,57
CAPITULO_40_-_PARTE_3_-_BOTINERAS,LOUIE,54
SANJAY_Y_CRAIG_|_DENTRO_DE_CRAIG_|_NICKELODEON_EN_ESPAÑOL,ENTRE_RISOS,58
HENRY_DANGER_|_HENRY_INDESTRUTIVEL_|_PORTUGAL_|_NICKELODEON_EM_PORTUGUÊS,HENRY_DANGER,90
"BREAKFAST_IN_BED_-_JERSEY_SHORE,_SEASON_5_|_MTV",JERSEY_SHORE,90
"CANTA_EN_VIVO_EL_PAZ_MARTINEZ_""¿QUÉ_ESTAS_ESPERANDO?""_-_GRACIAS_POR_VENIR",CASO_CERRADO,60
"CUMBIAPALOOZA,_EL_BEBE_CONTAMPONES_–_PELIGRO_SIN_CODIFICAR",PELIGRO_SIN_CODIFICAR,90
CAPITULO_47_-_RESISTIRE,RESISTIRE,90
CAPITULO_79_-_CHIQUITITAS_2000,RUTIZADOS,50
INTRODUCING_JADE_BIRD_(MTV_PUSH)_|_MTV_MUSIC,MTV_PUSH,90
PROGRAMA_111_(30-11-2015)_-_MORFI,MORFI,90
EP_#3_CATCH_UP:_BEAU_GRAFTS_BETHAN_WITH_A_SEXY_STRIPTEASE_|_GEORDIE_SHORE_19,GEORDIE_SHORE,90
HENRY_DANGER_|_¿HABILIDAD_O_SUERTE?_|_ESPAÑA_|_NICKELODEON_EN_ESPAÑOL,HENRY_DANGER,90
COMIC_CON_ARGENTINA_-_#TODOSOUTHPARK_KARAOKE_(20151108_171809),SOUTH_PARK,81
CAPITULO_123_-_NARANJA_Y_MEDIA,ALASKA_Y_MARIO,51
EL_ELEGIDO_-_CAPITULO_74_-_PARTE_1,SAM_&_CAT,60
SOUTH_PARK_-_CORRIDA_DE_CARRINHOS_DE_MADEIRA,SOUTH_PARK,90
MAURICIO_QUINTERO_I_@_#STANDUPENCOMEDY,STAND_UP,79
RUSTY_RIVETS_|_RUSTY'S_RUSTIC_ADVENTURE_|_NICK_JR._UK,RUSTY_RIVETS,90
CAPITULO_68_-_PARTE_2_-_VERANO_DEL_98,VECINOS,51
MINUTO_ARA_GANAR_-_ENTRE_PICOS_POR_25.000$,MINUTO_PARA_GANAR,85
BELLATOR_MMA_FULL_FIGHT:_KEITH_BERRY_VS._CORTEZ_COLEMAN,BELLATOR,90
EL_INSOPORTABLE_CON_HERNAN_CRESPO_-_VIDEOMATCH,UNMATCHED,57
PROGRAMA_118_(30-08-2018)_-_CORTA_POR_LOZANO_2018,CORTA_POR_LOZANO,90
KIDS'_CHOICE_AWARDS_2016_|_BATALHA_DE_SLIME_|_CATARINA_VS_SIRKAZZIO!,KIDS_CHOICE_AWARDS,85
"PAZ,_RENZO_Y_NINA_EN_UNA_SITUACION_INCOMODA_-_EDUCANDO_A_NINA",FUNDACION_COMEDY_CENTRAL,52
CAPITULO_141_-_SEÑORES_PAPIS,SEÑORESPAPIS,82
RUSTY_RIVETS_:_INVENTEUR_EN_HERBE_|_UNE_CHOSE_TERRIBLEMENT_ETRANGE_|_NICKELODEON_JUNIOR,RUSTY_RIVETS,90
#MTVSWIPEDATE_I_ESTRENO_MIERCOLES_23_DE_AGOSTO_A_LAS_10PM_MX/CO_9PM_AR,SWIPE_DATE,81
"POP_UP_BOX_W/_VALENTINE’S_DAY_SURPRISES_FT._PAW_PATROL,_BUTTERBEAN,_BLAZE_&_MORE!_|_NICK_JR.",BUTTERBEAN'S_CAFE,74
BELLATOR_MMA_|_FUNDAMENTOS:_EMANNUEL_SANCHEZ,BELLATOR,90
HENRY_DANGER_|_HORA_DOS_SUPER-HEROIS!|_NICKELODEON_EM_PORTUGUÊS,HENRY_DANGER,90
NOTA_A_FIERITA_-_HIPERCONECTADOS,SHIMMER_&_SHINE,54
MUÑECO_CALAMARDO_|_BOB_ESPONJA_EN_ESPAÑOL,BORGES,60
MYR_RAMIREZ_II_@_#STANDUPENCOMEDY,STAND_UP,79
"PROGRAMA_17_CON_JULIETA_ZYLBERBERG_(27-11-2016)_-_FUEGO,_PLACERES_TERRENALES",RELATOS_CRIMINALES,56
"MARIA:_""VOLVE_A_TU_VIDA_URIBE,_VUELVO_A_LA_MIA""_-_LA_LEONA",LA_LISTA_TONTA,58
‪#‎FILOSOFIASHOREENMTV‬_CON_JAWY,FLORIBAMA_SHORE,60
ANABEL_CHERUBITO_CON_TINELLI_-_VIDEOMATCH,EL_ARQUI,56
EL_SHOW_DEL_CHISTE:_LARRY_DE_CLAY_-_VIDEOMATCH,UNMATCHED,57
THE_LOUD_HOUSE_|_TOP_5_MUSICAS_|_BRASIL_|_NICKELODEON_EM_PORTUGUÊS,THE_LOUD_HOUSE,90
CAPITULO_178_-_CELESTE_SIEMPRE_CELESTE,JERSEY_SHORE,52
CAPITULO_3_-_PARTE_2_-_VERANO_DEL_98,VECINOS,51
DANIELLE_ARCINIEGAS_|_SIGUE_CADA_EPISODIO_DE_YO_SOY_FRANKY_|_NICKELODEON_EN_ESPAÑOL,KEY_&_PEELE,58
KCA_ARGENTINA_2017_|_¡ALEX_HOYER_Y_MAIA_REFICCO_DE_KALLY´S_MASHUP!_|_NICKELODEON_EN_ESPAÑOL,LA_VOZ_ARGENTINA,64
CAPITULO_151_-_PARTE_3_-_CHIQUITITAS,RUTIZADOS,56
"LA_PRIMER_MUJER_DE_TINELLI,_TATUAJES_-_AM",SAM_&_CAT,60
BRENDON_URIE'S_FAKE_EULOGY_|_MTV_MUSIC,MTV_EMAS,68
BELLATOR_160:_BENSON_HENDERSON_TAKES_ON_PATRICIO_PITBULL,BELLATOR,90
MORCEGOS_NO_HALLOWEEN_(2006)_|_VINHETA_|_CLASSICOS_NICK_|_NICKELODEON_EM_PORTUGUÊS,KEY_&_PEELE,50
"KOROL_EN_ITALIA,_JUVENTUS_VS._INTER_-_VIDEOMATCH_98",BAR_CENTRAL,55
LA_PELU_-_EL_TURCO_VS_DIEGO_OLIVERA,FLAPS,54
BLAZE_AND_THE_MONSTER_MACHINES_|_DRAGON_ISLAND_DUEL_|_NICK_JR._UK,BLAZE_AND_THE_MONSTER_MACHINES,90
"PORTARIA_44_-_COMEMORAÇÃO,_HOMEM_BOMBA_&_TRAJE_A_RIGOR",EL_ARQUI,56
VICTORIOUS_|_PERA_MAPS_|_NICKELODEON_EN_ESPAÑOL,VICTORIOUS,90
THE_THUNDERMANS_|_TAREFAS_DE_KARATE_|_NICKELODEON_EM_PORTUGUÊS,THE_THUNDERMANS,90
CAROTINA_SUPERBIP_|_LE_VELO_DE_TOMMY_|_NICKELODEON_JUNIOR,SUPER_SHORE,51
CINEXPRESS:_CURIOSIDADES_DE_TIBURON|_PARAMOUNT_CHANNEL,LA_HORA_CHANANTE,56
GEORGINA_BARBAROSA_ES_SUSANA_RINALDI_-_TU_CARA_ME_SUENA_2014,SUSANA_GIMENEZ,58
COMO_ES_SER_GABY_EN_VIUDAS_E_HIJOS:_MARIA_LEAL_-_AM,CASADOS_CON_HIJOS,55
GALA_10_(14-11-2015)_-_LATEN_CORAZONES,TEEN_MOM,56
EL_DIENTE_DE_ORO_TIENE_ALGO_QUE_DECIR_-_DUELO_DE_COMEDIANTES,SE_BUSCA_COMEDIANTE,61
LA_PERFECTA_EMPLEADA_-_BROAD_CITY,BROAD_CITY,90
PAW_PATROL_|_PUPS_SAVE_A_TEENY_PENGUIN_|_NICK_JR._UK,PAW_PATROL,90
"NATALIA_OREIRO_CANTA_""TU_VENENO""_-_VIDEOMATCH",LA_HORA_CHANANTE,56
CHIQUITITAS_(2°_TEMPORADA)_-_CAPITULO_73,SAM_&_CAT,60
SABOR_A_MI_-_PASTAFROLA_-_PARTE_3,PAW_PATROL,63
"VERÓNICA_CASTRO_""ME_GUSTAN_LOS_FEOS""_-_SUSANA_GIMÉNEZ",SUSANA_GIMENEZ,84
ADELANTO_-_AMAR_DESPUES_DE_AMAR_(27-03-2017),AMAR_DESPUES_DE_AMAR,90
CAPITULO_15_-_PARTE_1_-_HISTORIAS_DE_SEXO_DE_GENTE_COMUN,COMMUNITY,64
CAPITULO_60_-_CHIQUITTAS_99,ACAPULCO_SHORE,46
PROGRAMA_28_-_PAMPITA_ONLINE,LOUIE,60
|_PARAMOUNT_CHANNEL,ELIF,60
"BIG_SHOW:_VICTORIA_BERNARDI_CANTA_""PART_OF_ME""_-_ELEGIDOS",VICTORIOUS,63
"BENJAMIN_AMADEO,_ES_SHAKIRA,_OJOS_ASI_–_TU_CARA_ME_SUENA_2013",JOJO_SIWA,60
ME_MOLESTA_EL_OLOR_A_CULO_DE_TU_TAXI_|_LA_CULPA_ES_DE_COLON_ED._MUJERES_|_COMEDY_CENTRAL_LA,LA_CULPA_ES_DE_CABRAL,73
BELLATOR_214:_HENRY_CORRALES_VS._AARON_PICO_-_KO_MOMENT,BELLATOR,90
EDUARDO_VILLAR_I_@_#STANDUPENCOMEDY,STAND_UP,79
PEPE_MUJICA_Y_EL_CONO_DEL_SILENCIO_-_PELIGRO_SIN_CODIFICAR,PELIGRO_SIN_CODIFICAR,90
"SERGIO_DENIS,_SU_TRABAJO_Y_EL_APOYO_DE_LA_GENTE_-_SUSANA_GIMENEZ_2007",SUSANA_GIMENEZ,90
LOS_EXITOSOS_PELLS_-_CAP_49_-_PARTE_2,LOS_SIMPSONS,60
EL_DIABLITO_-_SI_TUVIERA_HIJO_-_SEXUALIDAD_#STANDUPENCOMEDY,STAND_UP,79
CAPITULO_105_-_PARTE_1_-_VERANO_DEL_98,VECINOS,51
LOS_WIKIPEDIA:_¡LA_CUMBIA_DEL_25_DE_MAYO!_-_PELIGRO_SIN_CODIFICAR_2018,PELIGRO_SIN_CODIFICAR,90
CAPITULO_134_-_CELESTE_SIEMPRE_CELESTE,JERSEY_SHORE,52
CAPITULO_191_-_COSTUMBRES_ARGENTINAS,BORGES,60
WISH_UPON_(2017)_OFFICIAL_HORROR_TRAILER|_EXCLUSIVE_|_MTV_MOVIES,MTV_MOVIES,90
"LAURA_Y_RAÚL_LAVIÉ,_ENAMORADA_DE_TODA_LA_VIDA_--_SUSANA_GIMÉNEZ",SUSANA_GIMENEZ,84
"FLOR_INTESTINAE,_ARTISTA_EXCLUSIVO_DE_PSC_-_PELIGRO_SIN_CODIFICAR_2018",PELIGRO_SIN_CODIFICAR,90
HABLO_FEDERICA_PAIS_-_CORTA_POR_LOZANO_2019,CORTA_POR_LOZANO,90
NOCHES_DE_CONQUISTA_|_ACAPULCO_SHORE_1,ACAPULCO_SHORE,90
PORRÓN_FRIÓ_-_VIDEOMATCH,UNMATCHED,56
MEET_THE_GIRLS_|_THE_ROYAL_WORLD,MTV_THE_ROYAL_WORLD,76
SAMUEL_L._JACKSON_TALKS_NICK_FURY’S_RETURN_IN_UPCOMING_CAPTAIN_MARVEL_MOVIE_|_MTV_MOVIES,MTV_MOVIES,60
"ROBOT_CON_BLOQUE,_PROTOTIPO_-_HIPERCONECTADOS",VECINOS,51
PAW_PATROL_|_PUPS_SAVE_THE_ROYAL_THRONE_PART_1_|_NICK_JR._UK,PAW_PATROL,90
CAMARA_COMPLICE_CON_VERONICA_LOZANO_(PARTE_1)_-_VIDEO_MATCH_1997,CAMERINO_COMEDY,54
"ANDERLE_Y_UNA_ADVERTENCIA_PARA_SANDRO-_SANDRO_DE_AMERICA,_LA_SERIE",UGLY_AMERICANS,58
BELLATOR_210:_DANIEL_WEICHEL_TALKS_ABOUT_HIS_UPCOMING_FIGHT,BELLATOR,90
BLAZE_AND_THE_MONSTER_MACHINES_|_ROBOT_FRIENDS_|_NICK_JR._UK,BLAZE_AND_THE_MONSTER_MACHINES,90
CAPITULO_28_-_CHIQUITITAS_98,RUTIZADOS,50
TRIBUS_URBANAS:_MAGGOTS_-_VÉRTIGO,HUERFANAS,60
RUSTY_RIVETS_|_RUSTY'S_BALLOON_BLAST_|_NICK_JR._UK,RUSTY_RIVETS,90
COME_FARE_UNO_CHIGNON_DA_BALLERINASTYLE_FILES_TUTORIAL_PER_CAPELLI_|_SUNNY_DAY_|_NICK_JR.,SUNNY_DAY,60
HOW_TO_MAKE_A_TOP_KNOTSTYLE_FILES_HAIR_TUTORIAL_|_SUNNY_DAY_|_NICK_JR.,SUNNY_DAY,90
"LA_ABUELA,_LA_LIPOASPIRACIÓN_TE_HACE_CABEZONA_-_SUSANA_GIMÉNEZ",SUSANA_GIMENEZ,84
"LA_ABUELA,_LA_LOMBRIZ_SOLITARIA_Y_LA_TOS_-_SUSANA_GIMÉNEZ",SUSANA_GIMENEZ,84
MARTÍN_FIERRO_LE_RESPONDE_A_TINELLI_-_VIDEOMATCH,MARTIN_FIERRO_2019,70
CAPITULO_594_-_VERANO_DEL_98,VECINOS,51
SCHOOL_OF_ROCK_|_ESPECIAL_TOGETHER_WE_ROCK_|_NICKELODEON_EM_PORTUGUÊS,SCHOOL_OF_ROCK,90
A_PURO_RIESGO_CON_LAS_MUFI_MUFI_-_PELIGRO_SIN_CODIFICAR_2017,PELIGRO_SIN_CODIFICAR,90
ERIKA_DESCUBRE_EL_SECRETO_DE_JAVIER_-_GOLPE_AL_CORAZON,LOOKAZO,51
EL_DIABLITO_-_NUEVOS_HOMOSEXUALES_2_-_SEXUALIDAD_#STANDUPENCOMEDY,COMEDY_FEST,64
#STANDUPNOCOMEDY_-_EMERSON_CEARA_-_ESCOLA,STAND_UP,79
PAW_PATROLCATCH_HALLOWEEN_EPISODES_ALL_WEEK_|_BRAND_NEW_EPISODE_COMING_OCT_8TH!_|_NICK_JR.,THE_CHALLENGE,62
LUCIA_GALAN_HABLA_DE_SU_VIDA_AMOROSA_-_AM,SAM_&_CAT,68
ENTREVISTA_A_OLGA_GARAVENTA_-_PARTE_3_-_SUSANA_GIMENEZ,SUSANA_GIMENEZ,90
TECH_FEST_|_TIP_4_DE_SNAPCHAT_CON_DR._LADILLA_|_NICKELODEON_EN_ESPAÑOL,ENCHUFE_TV,51
PROGRAMA_54_(06-04-2017)_-_CORTA_POR_LOZANO,CORTA_POR_LOZANO,90
BOB_ESPONJA_|_FUNK_DE_CUMPLEAÑOS_|_NICKELODEON_EN_ESPAÑOL,NOOBEES,51
SHIMMER_AND_SHINE_|_DRAGON_TALES_|_NICK_JR._UK,SHIMMER_&_SHINE,72
TAINA_E_OS_GUARDIÕES_DA_AMAZÔNIA_|_SNEAK_PEEK_|_BRASIL_|_NICKELODEON_EM_PORTUGUÊS,BAD_SNAPPERS,52
EL_SHOW_DEL_CHISTE:_JORGE_EN_EL_DIA_DEL_AMIGO_-_VIDEOMATCH,UNMATCHED,57
PAW_PATROL_:_LA_PAT'_PATROUILLE_|_LE_CHAT_|_NICKELODEON_JUNIOR,PAW_PATROL,90
DISCO_DE_ORO_EN_ARGENTINA_PARA_THALÍA_-_VIDEOMATCH,LA_VOZ_ARGENTINA,62
LA_ABUELA:_LA_ABEJA_REINA_-_SUSANA_GIMENEZ,SUSANA_GIMENEZ,90
BOB_ESPONJA_|_MASTER_CHEF_|_ESPAÑA_|_NICKELODEON_EN_ESPAÑOL,SAM_&_CAT,60
PROGRAMA_42_-_BUENOS_DIAS_ARGENTINA_2005,LA_VOZ_ARGENTINA,62
PAW_PATROL_|_PUPS_SAVE_THE_WINTER_WONDER_SHOW_PART_2_|_NICK_JR._UK,PAW_PATROL,90
CAPITULO_164_-_LA_LEY_DEL_AMOR,MORFI,68
APERTURA_CON_GINO_RENNI_-_SUSANA_GIMENEZ_2007,SUSANA_GIMENEZ,90
"JAMES'_BIG_BIRTHDAY_PRESENT_-_GEORDIE_SHORE,_SEASON_4_|_MTV",GEORDIE_SHORE,90
CAPITULO_66_-_PARTE_2_-_GRADUADOS,RUTIZADOS,60
THE_LOUD_HOUSE_|_AYUDANDO_EN_CASA_|_NICKELODEON_EN_ESPAÑOL,THE_LOUD_HOUSE,90
BOB_ESPONJA_|_EL_EXPERIMENTO_DE_SANDY_|_ESPAÑA_|_NICKELODEON_EN_ESPAÑOL,LAZOS_DE_SANGRE,54
NAVIDAD_NARANJA_|_SANTA_CALAMARDO_|_NICKELODEON_EN_ESPAÑOL,PAW_PATROL,51
"BOTINES,_SEXO_-_VÉRTIGO",LOUIE,54
EPISODE_#1_CONFESSION_CAM:_RADGIES_REACT_TO_NEW_LASS_FAITH'S_ARRIVAL_|_GEORDIE_SHORE_18,GEORDIE_SHORE,90
"EL_INSOPORTABLE_EN_PARIS,_VICTORIA_ARGENTINA_-_VIDEOMATCH_98",VICTORIOUS,63
CAPITULO_24_-_PARTE_3_-_TIEMPO_FINAL,MORFI,54
13_REASONS_WHY_CAST_TALK_SEASON_2_FUNNIEST_MOMENTS_|_MTV_MOVIES,MTV_MOVIES,90
LOS_EXITOSOS_PELLS_-_CAPITULO_100_-_PARTE_3,SAM_&_CAT,70
ALVINNN!!!_ET_LES_CHIPMUNKS_|_LE_CADEAU_GROUPE_|_NICKELODEON_JUNIOR,EL_PRECIO_JUSTO,50
NOOBEES_|_GAMEPLAY_|_BRASIL_|_NICKELODEON_EM_PORTUGUÊS,NOOBEES,90
BLAZE_AND_THE_MONSTER_MACHINES_|_DARINGTON_TO_THE_MOON_|_NICK_JR._UK,BLAZE_AND_THE_MONSTER_MACHINES,90
LA_PELU_-_NANCY_VISITO_A_UNA_BRUJA,FLAPS,54
RUSTY’S_SUPER-SECRET_SURPRISES|_BRAND_NEW_RUSTY_RIVETS_EPISODES_|_NICK_JR.,RUSTY_RIVETS,90
BELLATOR_201:_BEST_OF_-_ILIMA-LEI_MACFARLANE,BELLATOR,90
PROGRAMA_81_(10-07-2018)_-_CORTA_POR_LOZANO_2018,CORTA_POR_LOZANO,90
CHIQUITITAS_(8°_TEMPORADA)_-_CAPITULO_55,SAM_&_CAT,60
CAPITULO_119_-_DON_JUAN_Y_SU_BELLA_DAMA,BELLATOR,56
KARINA_MAZZOCCO_HABLA_SOBRE_ACOSO_Y_MALTRATO_-_PH_PODEMOS_HABLAR_2018,PH_PODEMOS_HABLAR,90
"PARODIA_DE_PUBLICIDAD,_ARGENTINA_VS._INGLATERRA_-_VIDEOMATCH_98",LA_VOZ_ARGENTINA,62
CAPITULO_166_-_NARANJA_Y_MEDIA,ALASKA_Y_MARIO,51
A_CULPA_E_DO_CABRAL_-_EMOJIS,A_CULPA_E_DO_CABRAL,81
DRUNK_HISTORY:_LA_BANDA_DEL_AUTOMOVIL,DRUNK_HISTORY,90
LA_EMOCION_DE_ALEJANDRA_PRADON_POR_LA_FUERTE_HISTORIA_DE_SU_MADRE_-_CORTA_POR_LOZANO,CORTA_POR_LOZANO,90
"EL_SHOW_DEL_CHISTE,_AMIGO_PERDIDO_-_VIDEOMATCH",UNMATCHED,57
"TRAVIS_SCOTT_PERFORMS_""STARGAZING_FT._JAMES_BLAKE""_MTV_VMAS_|_LIVE_PERFORMANCE",MTV_VMAS,60
"ESTEBAN_LAMOTHE:_""HAGO_500_ABDOMINALES_POR_DIA""_-_SOY_RADA_SHOW",STAND_UP,56
AM_-_EL_SUPER_BRINDIS_DE_GRADUADOS.,FRIENDS,64
"NELLA,_UNA_PRINCESA_VALIENTE_|_‘VAMOS_TODOS_A_DISFRUTAR_EL_HALLOWEEN’VIDEO_MUSICAL|_ESPAÑOL",NELLA_THE_PRINCESS_KNIGHT,58
CAPITULO_102_-_PARTE_1_-_DULCE_AMOR,MORFI,68
CAPITULO_22_-_BRIGADA_COLA,BROAD_CITY,54
¡EL_ADELANTO_MAS_ESPERADO!_-_MOISES_Y_LOS_DIEZ_MANDAMIENTOS,CASO_CERRADO,60
CAPITULO_28_-_ATREVERSE,FREESTYLE,56
"REVIVIMOS_EL_PASADO,_TOMAS_FONZI_–_NOS_REIMOS_JUNTOS",EL_PRECIO_JUSTO,60
LA_CULPA_ES_DE_COLON_-_ROBERTO_FLORES_-_PROGRAMA_1,LA_CULPA_ES_DE_CABRAL,73
FICCIÓN_BUS:_SILVINA_LUNA_-_SÁBADO_BUS,SAM_&_CAT,50
"RICKY_MARTIN,_SUS_PRIMEROS_DÍAS_SEPARADO_DE_SUS_HIJOS_-_SUSANA_GIMENEZ",SUSANA_GIMENEZ,90
THE_BEST_OF_ROD_❤️_TOP_WING_FULL_EPISODES_COMPILATION_|_NICK_JR.,THE_ROAST_OF,68
GUERRA_SIN_FIN:_FAMOSOS_VS._PERIODISTAS_-_AM,SAM_&_CAT,60
THE_THUNDERMANS_|_CARNEPATODEGAPIZZA_|_NICKELODEON_EM_PORTUGUÊS,THE_THUNDERMANS,90
"SHOW_DEL_CHISTE:_ALACRAN,_TICKET_AL_PARAISO_-_VIDEOMATCH_99",CANTICOS,56
PROGRAMA_16_-_LA_PELU_2013,FLAPS,54
"BELLATOR_MMA_HIGHLIGHT:_PATRICKY_PITBULL_KOS_""RAZOR""_ROB_MCCULLOUGH",BELLATOR,60
FALTA_POUCO_PRO_SOFRIMENTO_ACABAR_|_RAFAEL_PORTUGAL_JOGANDO_UNTIL_DAWN_#9,PORTA_DOS_FUNDOS,56
SUSANA_CHARLA_CON_GLORIA_GAYNOR_-_SUSANA_GIMENEZ_2007,SUSANA_GIMENEZ,90
EX_ON_THE_BEACH'S_JACK_DEVLIN_IS_KICKED_OUT_IN_A_SHOCK_TATTOO_FIRST_|_JUST_TATTOO_OF_US_4,EX_ON_THE_BEACH,90
"30_SEGUNDOS_DE_FAMA,_PARTICIPANTE_COME_CUCHARACHAS_-_VIDEOMATCH",CANTICOS,56
"EL_FÍSICO_DE_MARADONA,_BOX_-_AM",ELIF,68
FERNANDITO_GOLPEA_A_ALGUIEN_–_VIDEOMATCH_98,FRIENDS,51
"RIHANNA:_""WE'RE_NOT_STEALING_FROM_ANYBODY""_|_PUNK'D",ASKING_FOR_A_FRIEND,52
LA_MAGIA_DE_LOS_QUESOS_SABORIZADOS_-_MORFI,RUTIZADOS,70
NICOLINA_SE_PREPARA_PARA_LA_TORMENTA_DE_SANTA_ROSA_-_CORTA_POR_LOZANO,CORTA_POR_LOZANO,90
SPONGEBOB_SQUAREPANTS_|_BRINQUEDOS_ANTIGOS_DE_BEBE_|_PORTUGAL_|_NICKELODEON_EM_PORTUGUÊS,SPONGEBOB_SQUAREPANTS,90
RAUL_MENESES_II_@_#STANDUPENCOMEDY_-_INCORREGIBLES,STAND_UP,79
PROGRAMA_164_(07-09-2017)_-_¿EN_QUE_MANO_ESTA?,NOOBEES,51
UNA_CASA_DE_LOCOS|_EL_PLAN_|_ESPAÑA_|_NICKELODEON_EN_ESPAÑOL,LA_CASA_DE_LOS_DIBUJOS,63
ALEJANDRO_SAZ_-_VIDEOMATCH,UNMATCHED,56
EX_ON_THE_BEACH_301_IN_60_SECS_|_MTV,EX_ON_THE_BEACH,90
EL_ROAST_DE_JUSTIN_BIEBER_-_DETRAS_DE_LAS_CAMARAS,THE_ROAST_OF,60
ESQUADRÃO_DE_CAVALEIROS_|_ESCUDA_|_BRASIL_|_NICKELODEON_EM_PORTUGUÊS,ESQUADRÃO_DE_CAVALEIROS,90
RODRIGO_ALCARAZ:_LA_LLAVE_-_ELEGIDOS,KEY_&_PEELE,58
CAPITULO_433_-_VERANO_DEL_98,VECINOS,51
CAPITULO_121_-_PARTE_3_-_VERANO_DEL_98,VECINOS,51
PROGRAMA_75_(18-09-2015)_-_LATEN_CORAZONES,TEEN_MOM,56
POR_UNA_CABEZA_(TANGO_BAR):_JORGE_VAZQUEZ_/_PELICULAS_-_ELEGIDOS,KEY_&_PEELE,58
I_AM_FRANKIE_|_COMO_DESBLOQUEAR_VIDEOS_NO_NICK_PLAY_|_NICKELODEON_EM_PORTUGUÊS,VIVO_CON_MODELOS,56
NATALIA_CARULIAS_III_@_#STANDUPENCOMEDY,STAND_UP,79
¿RECONCILIACION_ENTRE_COCO_Y_ANTONIA?_-_100_DIAS_PARA_ENAMORARSE,100_DIAS_PARA_ENAMORARSE,90
DULCE_AMOR_-_CAPITULO_56_-_PARTE_1,SAM_&_CAT,60
CATCH_UP_WITH_THE_MUMS_|_TEEN_MOM_UK_4,TEEN_MOM,90
JULIO_BRACHO_-_LIP_SYNC_MEXICO,LIP_SYNC_BATTLE,60
OS_THUNDERMANS_|_FILHO_PREFERIDO_|_PORTUGAL_|_NICKELODEON_EM_PORTUGUÊS,THE_THUNDERMANS,72
UMA_TELINHA_COM_VIDA_|_BRASIL_|_TRAILER_1_|_NOGGIN,DE_FERIAS_COM_O_EX_BRASIL,58
FEDE_Y_LAURITA_HACEN_TERAPIA_DE_PAREJA_-_CORTA_POR_LOZANO,CORTA_POR_LOZANO,90
"NICKY,_RICKY,_DICKY_Y_DAWN_|_PERROS_EN_LA_CASA_|_NRDD_|_NICKELODEON_EN_ESPAÑOL","NICKY,_RICKY,_DICKY_&_DAWN",86
MIA_FACES_MANLEY_BACKLASH_AFTER_SHE_REVEALS_HER_NEW_MAN_|_TEEN_MOM_UK_306,TEEN_MOM,60
BAIO_E_O_BÊS_DO_BOB_(2006)_|_CLASSICOS_NICK_|_NICKELODEON_EM_PORTUGUÊS,KEY_&_PEELE,50
GEORDIE_SHORE_16_|_AARON_ON_BEST_MATE_GAZ_LEAVING_THE_SHORE,GEORDIE_SHORE,90
NRDD_|_¿LANCHA_O_CANCHA_DE_FUTBOL?!_|_LATINOAMERICA_|_NICKELODEON_EN_ESPAÑOL,TUTORIAL_LATINOAMERICANO,68
CAPITULO_43_-_DEJATE_QUERER,DORA_THE_EXPLORER,54
DULCE_AMOR_-_CAPITULO_200_-_PARTE_3,SAM_&_CAT,60
VALERIA_MAZZA_Y_MORIA_CASAN_EN_VIVO_-_VIDEOMATCH,SAM_&_CAT,57
BELLATOR_MMA:_IN_FOCUS_WITH_TITO_ORTIZ,BELLATOR,90
EL_SECRETO_DE_MERCEDES_-_POR_AMARTE_ASI,YO!_MTV_RAPS,52
GEORDIE_SHORE_GAZ_&_HOLLY_CELEBRATE_150K_SUBSCRIBERS!_|_MTV,GEORDIE_SHORE,90
"ALFOMBRA_ROJA,_LLEGA_PAOLA_BARRIENTOS_-_TODOS_JUNTOS_2015",EL_ARQUI,56
PLAY_THE_FREE_‘NICK_JR._HOLIDAY_WORKSHOP_GAME’_W/_PAW_PATROL_&_MORE_FAVORITE_CHARACTERS_|_GAMES,PAW_PATROL,60
IL_FROZEN_SWIRLY_|_TOP_WING_|_NICK_JR.,HOMENS?,60
PABLO_GRANADOS_ES_CHRISTIAN_CASTRO_-_TU_CARA_ME_SUENA_2013,SAM_&_CAT,57
"ALEJANDRO_LERNER,_EL_CORO_""VOLVER_A_EMPEZAR""_--_GRACIAS_POR_VENIR",IDIOTAS_POR_ACCIDENTE,53
CAPITULO_116_-_COSTUMBRES_ARGENTINAS,BORGES,60
ALEXANDER_CANIGGIA_Y_LAS_MUJERES_-_AM,CANIGGIA_LIBRE,64
CAPITULO_95_-_PARTE_2_-_DULCE_AMOR,MORFI,68
"FIGURETTI,_CUMPLEAÑOS_DE_LA_REINA,_LA_REINA_-_VIDEOMATCH_98",LAZOS_DE_SANGRE,66
ADELANTO_LIP_SYNC_MEXICO_-_A_ANA_DE_LA_REGUERA_LE_GUSTA_A_ANDAR_CON_EL_PELO_SUELTO...,EL_PRECIO_JUSTO,62
I_AM_FRANKIE_|_SORRIDENTES_|_NICKELODEON_EM_PORTUGUÊS,SHIMMER_&_SHINE,54
"SOCOLINSKY,_CONSEJOS_PARA_FRANCISQUITO_–_VIDEOMATCH_98",SOUTH_PARK,54
BOB_ESPONJA_|_ACAMPANDO_FRENTE_A_CASA_|_NICKELODEON_EN_ESPAÑOL,SAM_&_CAT,60
CAPITULO_81_-_CHIQUITITAS_2000,RUTIZADOS,50
RYAN_TOYSREVIEW_UNBOXING_SURPRISE_TOYS_|_RYAN'S_MYSTERY_PLAYDATE:_NEW_SHOW_ON_NICK,SCHOOL_OF_ROCK,53
PAW_PATROL_ULTIMATE_FIRE_RESCUEOFFICIAL_TRAILER_|_NEW_EPISODE_ON_SEPT_21ST_|_NICK_JR.,PAW_PATROL,60
LAS_CHICAS_DE_RADIO_-DEBATE_DE_INFIDELIDAD-_SUSANA_GIMENEZ_2007,SUSANA_GIMENEZ,90
YO_SOY_FRANKY_|_¿TOCANDO_EL_PIANO?_|_NICKELODEON_EN_ESPAÑOL,POR_EL_MUNDO,52
CAPITULO_164_-_PARTE_1_-_CHIQUITITAS,RUTIZADOS,56
"KOROL_EN_EL_VESTUARIO_DE_RIVER,_FRENTE_A_AT._NACIONAL_-_VIDEOMATCH_97",ESQUADRÃO_DE_CAVALEIROS,57
PROGRAMA_149_-_LA_PELU,FLAPS,54
CAPITULO_158_-_FRANCO_BUENAVENTURA_-_EL_PROFE,BROAD_CITY,51
"STAND_UP:_ALACRÁN_""PELO,_BRAGUETA_-_PELIGRO_SIN_CODIFICAR",PELIGRO_SIN_CODIFICAR,90
SCOTTY_T_IS_SHOCKED_AT_JOEL’S_SAVAGE_STI_GENITAL_INKING_|_JUST_TATTOO_OF_US_S3_EP_5,JUST_TATTOO_OF_US,90
"CECILIA_A_DAMIAN:_""SOS_UN_MAL_EDUCADO""_-_DUEÑOS_DE_LA_COCINA",UNMATCHED,60
A_UN_AÑO_DE_ZULMA_LOBATO_-_AM,BELLATOR,53
JIMMY_NEUTRON_|_HALLOWEEN_|_NICKELODEON_JUNIOR,EL_PRECIO_JUSTO,50
"GAME_SHAKERS_|_MIGO,_EL_ROBOT_|_NICKELODEON_EN_ESPAÑOL",GAME_SHAKERS,90
"ESTEVANEZ_,EN_EL_ZOO,_ELEFANTES_-_VERSUS_2001",NOOBEES,51
EL_PAPA_LES_MANDA_MENSAJE_A_LOS_JUGADORES-_VIDEOMATCH,UNMATCHED,57
COMO_FAZER_UMA_TRANÇA_DA_AMIZADETUTORIAL_DE_CABELOS_-_ARQUIVOS_ESTILOSOS_|_SUNNY_DAY_|_NICK_JR.,SUNNY_DAY,60
"QUE_TIEMPOS_AQUELLOS,_REINA_REECH,_PARTE_2_-_VIDEOMATCH_98",UNA_PARTE_DE_MI,51
RECETA:_BOLITAS_DE_ESPINACA_-_MORFI,MORFI,90
CAPITULO_57_-_VECINOS_EN_GUERRA,VECINOS,90
ESCUELA_DE_ROCK_|_INTERPRETANDO_WRECKING_BALL_DE_MILEY_CYRUS_|_ESPAÑA_|_NICKELODEON_EN_ESPAÑOL,SCHOOL_OF_ROCK,58
LETICIA_BREDICE_ES_TITA_MERELLO_-_TU_CARA_ME_SUENA_2015,SAM_&_CAT,57
CAPITULO_267_-_PARTE_3_-_DULCE_AMOR,MORFI,68
PAW_PATROL_:_LA_PAT'PATROUILLE_|_LES_PEPITES_D'OR_|_NICKELODEON_JUNIOR,PAW_PATROL,90
BELLATOR_209:_PHIL_DAVIS_TALKS_ABOUT_VADIM_NEMKOV,BELLATOR,90
FRANCO_VENDEVERDURA_Y_BOFE_-_VIDEOMATCH,UNMATCHED,56
LA_CASA_DE_LOS_DIBUJOS_-_EXPLOTANDO_A_EL_ASIATICO,LA_CASA_DE_LOS_DIBUJOS,90
"HUGO_""EL_COJO_FELIZ""_I_@_#STANDUPENCOMEDY",STAND_UP,79
BAKE_IT_|_BLAZE_SANDWICH_|_NICK_JR._UK,KEY_&_PEELE,50
MEET_TOM_|_EX_ON_THE_BEACH_8,EX_ON_THE_BEACH,90
CAPITULO_50_-_PARTE_2_-_TIEMPO_FINAL,MORFI,54
INESPERADA_CONFERENCIA_DE_JORGE_SAMPAOLI_-_PELIGRO_SIN_CODIFICAR_2018,PELIGRO_SIN_CODIFICAR,90
REGRESAR_A_DONDE_TODO_COMENZO_-_MAR_DE_AMORES,MORIR_DE_AMOR,69
LA_OBSESION_DE_MARIA_VAZQUEZ_POR_LOS_ZAPATOS_-_CORTA_POR_LOZANO,CORTA_POR_LOZANO,90
SIMON_COWELL'S_ROLLS_ROYCE_WRECK_|_PUNK'D,MTV_CELEB,50
CAPITULO_193_-_CULPABLE_DE_ESTE_AMOR,MORFI,68
"MARIXA_BALLI:_""YO_TENIA_UN_CONSOLADOR_EN_EL_AUTO_PARA...""_-_PH_PODEMOS_HABLAR_2018",PH_PODEMOS_HABLAR,90
PROGRAMA_64_-_SABOR_A_MI_2008,FLORIBAMA_SHORE,48
NELLA_PRINCIPESSA_CORAGGIOSA_|_VIDEO_DI_'STRAIGHT_TO_THE_TOP'|_NICK_JR.,NELLA_THE_PRINCESS_KNIGHT,58
"LOS_CARLOS,_LA_NIÑA_LOLY_-_AM",PATRULLA_CANINA,54
MUSICAL_DE_LOS_70_-_VIDEOMATCH,UNMATCHED,56
ACAPULCO_SHORE_I_HAGAS_LO_QUE_HAGAS_I_TEMP_1_EP_1,ACAPULCO_SHORE,90
"CINE,_EDGARDO_COZARINSKY,_PELICULAS_–_VER_PARA_LEER",KEY_&_PEELE,58
SOB!_ABBIE’S_SINGLE_STATUS_BREAK_DOWN_|_GEORDIE_SHORE_1606,GEORDIE_SHORE,90
CONOCEMOS_LA_INTIMIDAD_DE_ROCIO_GOMEZ_-_LATEN_CORAZONES,SAM_&_CAT,60
DULCE_AMOR_-_CAPITULO_24_-_PARTE_3,SAM_&_CAT,60
"CONCLUSIÓN_DE_VERO_DE_""LAS_20_DEL_1_AL_10""_DE_EUGENIA_TOBAL_-_AM",SAM_&_CAT,53
EL_PASADO_DE_RAUL_TAIBO_COMO_CAMAROGRAFO_-_CORTA_POR_LOZANO_2019,CORTA_POR_LOZANO,90
"EL_INSOPORTABLE,_EL_GAY_PARADE,_SALUDO_–_VIDEOMATCH_98",KARA_PARA_ASK,53
"LA_TOTA_CON_SUS_EX_NOVIOS_MOSTAZA,_GINO_Y_PANCHO_DOTTO_-_SUSANA_GIMENEZ_2007",SUSANA_GIMENEZ,90
TOP_WING_|_SHIRLEY_SQUIRRELY_FILES_AWAY_|_NICK_JR._UK,TOP_WING_CADETS,64
PARAMOUNT_CHANNEL_SE_CONVIERTE_EN_PARAMOUNT_NETWORK,LA_HORA_CHANANTE,56
NOOBEES_|_¡CONOCE_A_KEVIN_Y_A_PABLO!_|_NICKELODEON_EN_ESPAÑOL,NOOBEES,60
CAPITULO_144_-_HERENCIA_DE_AMOR,MORFI,68
HENRY_DANGER_|_AVARIA_NO_TELETRANSPORTE_|_PORTUGAL_|_NICKELODEON_EM_PORTUGUÊS,HENRY_DANGER,90
RUSTY_RIVETS_:_INVENTEUR_EN_HERBE_|_LES_FIGURINES_DE_LIAM_|_NICKELODEON_JUNIOR,RUSTY_RIVETS,90
PAW_PATROL_|_PUPS_SAVE_THE_SNOWSHOEING_GOODWAYS_|_NICK_JR._UK,PAW_PATROL,90
CAPITULO_47_-_DON_JUAN_Y_SU_BELLA_DAMA,BELLATOR,56
"SANDRA_CORIZZO:_""NUEVA_ZAMBA_PARA_MI_TIERRA""_-_LA_PEÑA_DE_MORFI",LA_PEÑA_DE_MORFI,90
"LATEYSHA'S_BUM_NOTES_-_THE_VALLEYS,_SEASON_2_|_MTV",THE_VALLEYS,90
PEPPA_PIG_|_LE_VOYAGE_|_NICKELODEON_JUNIOR,SEÑORESPAPIS,55
NICO_PIDE_DISCULPAS_A_LOS_ACTORES_-_SÁBADO_BUS,BORGES,60
TIFFANY_CALVER_TALKS_DRAKE_TOUR/J_HUS_RETURN_|_YO!_MTV_RAPS_|_MTV_MUSIC,YO!_MTV_RAPS,90
"LUIS_ZAMORA,_PATRICIA_BULLRICH_Y_CRISTIAN_CARAM_-_VIDEOMATCH",SAM_&_CAT,57
GRAN_CUÑADO:_LOS_CANDIDATOS_SE_DEFIENDEN_-_VIDEOMATCH,FRIENDS,64
PARTE_2_-_CAPITULO_70_-_MUÑECA_BRAVA,SAM_&_CAT,60
LA_LEY_DEL_PICOR_DE_CULO_|_J.J._VAQUERO_|_COMEDY_CENTRAL_ESPAÑA,COMEDY_FEST,74
DORA_AND_FRIENDS_|_SING_ALONG:_SPIDER_STOMP_|_NICK_JR._UK,FRIENDS_FEST,68
ESPECIAL_TRENDY_BY_NICK_COM_LUCAS_INUTILISMO_E_FOQUINHA_|_DIA_1_|_NICKELODEON_EM_PORTUGUÊS,INFORMES_ESPECIALES,50
"¡CALAMARDO,_EL_INVENCIBLE!_|_BOB_ESPONJA_EN_ESPAÑOL",ALASKA_Y_MARIO,55
HOMENAJE_A_GUINZBURG_-_AM,HOMENS?,75
PASADA_GENERAL_MISTER_PRIMAVERA_-_SUSANA_GIMENEZ_2008,SUSANA_GIMENEZ,90
"CUARTETO_EN_VIVO,_DALE_INGRID_DALE_-_PELIGRO_SIN_CODIFICAR",PELIGRO_SIN_CODIFICAR,90
PASSIVA_AGRESSIVA,RUPAUL'S_DRAG_RACE,46
"DUELOS_-_LOS_ROLDAN_CANTAN""CREO_EN_TI""_-_LATEN_CORAZONES",CANTICOS,56
MACEDO_REVELO_COMO_NACIO_SU_AMOR_CON_URTUBEY_-_SUSANA_GIMENEZ,SUSANA_GIMENEZ,90
UNA_CASA_DE_LOCOS_|_NUEVO_VECINO_DE_UNA_NOCHE_|_ESPAÑA_|_NICKELODEON_EN_ESPAÑOL,LA_CASA_DE_LOS_DIBUJOS,62
TARTARUGAS_NINJA_|_CASTIGADOS_|_TMNT_|_NICKELODEON_EM_PORTUGUÊS,SAM_&_CAT,70
BELLATOR_COUNTDOWN_-_ROY_NELSON_VS._MATT_MITRIONE:_EPISODE_1,BELLATOR,90
¿HABEIS_VISTO_UNA_PORNO_EN_3D?_|_MARIANO_POTEL_|_COMEDY_CENTRAL_ESPAÑA,COMEDY_FEST,74
CAPITULO_8_-_PARTE_2_-_FRECUENCIA_04,FRIENDS,51
COMO_FUERON_LOS_PRIMEROS_AÑOS_DE_CRIS_SIN_ROMINA_-_CORTA_POR_LOZANO_2018,CORTA_POR_LOZANO,90
ICARLY_|_FREDDIE_CO_|_CONDUCE_|_NICKELODEON_EN_ESPAÑOL,FRIENDS,51
EL_IMPACTANTE_AUDIO_DE_EMILIANO_SALA_DESDE_EL_AVION_-_MORFI,MORFI,60
REUNIÃO_DE_BOARD,MORIR_DE_AMOR,57
STRANGER_THINGS_CAST_REACTION_TO_MILLIE_BOBBY_BROWNS_ACCEPTANCE_SPEECH_IS_EVERYTHING,EL_PRECIO_JUSTO,54
CAPITULO_27_-_PARTE_2_-_MUÑECA_BRAVA,UNA_PARTE_DE_MI,54
JOJO_SIWA_|_NAVIDAD_CON_RITMO_|_ESPAÑA_|_NICKELODEON_EN_ESPAÑOL,JOJO_SIWA,90
¡KOROL_PRESENTA_AL_EQUIPO_COMPLETO!_-_PELIGRO_SIN_CODIFICAR,PELIGRO_SIN_CODIFICAR,90
TU_DOLOR_(LUCIANO_PEREYRA):_NICOLAS_REYNA_-_ELEGIDOS,KEY_&_PEELE,66
DIEGO_RAMOSSE_CONFESO_EN_EL_DIVAN_-CORTA_POR_LOZANO_2019,CORTA_POR_LOZANO,90
LAS_TORTUGAS_NINJA_|_CASTIGADOS_|_TMNT_|_NICKELODEON_EN_ESPAÑOL,SAM_&_CAT,70
"MIX-UP_MACHINE_SURPRISES_EP_9_FT._SHIMMER_&_SHINE,_TOP_WING,_PAW_PATROL,_&_MORE!_|_NICK_JR.",SHIMMER_&_SHINE,90
"LITERATURA_Y_MISTERIO,_GRAHAM_GREENE_-_VER_PARA_LEER",ALASKA_Y_MARIO,51
CAPITULO_78_-_PARTE_3_-_CEBOLLITAS,FLAPS,54
ICARLY_|_MELHORES_MOMENTOS_DO_SPENCER_#ICARLY_|_NICKELODEON_EM_PORTUGUÊS,ULTIMO_MOMENTO,64
CAMARA_COMPLICE_A_GINO_RENNI_-_VIDEOMATCH_1997,CAMERINO_COMEDY,54
PADRINHOS_MAGICOS_|_O_PSEUDODOCUMENTARIO_|_NICKELODEON_EM_PORTUGUÊS,ENTRE_RISOS,50
CAPITULO_8_-_PARTE_3_-_MONTECRISTO,ENTRE_RISOS,60
INDICE_DE_MATCH:_MARTINA_Y_MATIAS_-_PRIMERA_CITA,CELEBRITY_MATCH,59
CAPITULO_39_-_PARTE_2_-_CABECITA,CORTO_Y_CAMBIO,51
CHIQUITITAS_(1°_TEMPORADA)_-_CAPITULO_149,SAM_&_CAT,60
LALI_LE_ROMPIO_EL_CORAZON_A_ANDY_-_PH_PODEMOS_HABLAR,PH_PODEMOS_HABLAR,90
PROGRAMA_94_(23-09-2016)_NOTICAMPI,CANTICOS,45
PROGRAMA_91_-_¿EN_QUE_MANO_ESTA?,NOOBEES,51
EL_ROAST_DE_DAVID_HASSELHOFF_-_LISA_LAMPANELLI,THE_ROAST_OF,60
EL_ROAST_DE_HECTOR_SUAREZ_-_ALEXIS_DE_ANDA,THE_ROAST_OF,60
MUSICAL_50_AÑOS_DE_LA_TV_-_SUSANA_GIMÉNEZ,SUSANA_GIMENEZ,84
VIN_DIESEL_WANTS_A_GROOT_GUARDIANS_OF_THE_GALAXY_SPINOFF_MOVIE_|_MTV_MOVIES,MTV_MOVIES,90
JOJO_SIWA_JADE_PETTYJOHN_E_MAIS_NO_TESTE_DE_COMIDAS_DA_NICKELODEON_|_NICKELODEON_EM_PORTUGUÊS,JOJO_SIWA,60
AYTOBR_EXTRAS_EP._06:_GALERA_FALA_SOBRE_ANDRE_E_VANESSA,BAR_CENTRAL,58
PROGRAMA_16_(08-10-2017)_-_SUSANA_GIMENEZ_2017,SUSANA_GIMENEZ,90
"MARIANO_MARTÍNEZ,_ANÉCDOTA_--_VERSUS",MORFI,54
TREMENDA_HISTORIA:_¿COMO_VIVIO_MARLEY_EL_NACIMIENTO_DE_MIRKO?_-_MINUTO_PARA_GANAR_2019,MINUTO_PARA_GANAR,90
CAPITULO_79_-_CARA_BONITA,BAR_CENTRAL,51
¡DESCARGA_NOGGIN_Y_DISFRUTA_DE_LOS_MEJORES_SHOW_DE_NICK_JR.!_|_NICKELODEON_EN_ESPAÑOL,GEORDIE_SHORE,56
MONSTRE_ET_ROBOT_|_LA_MACHINE_À_PARFUM_|_NICKELODEON_JUNIOR,ENTRE_RISOS,58
DAVID_BISBAL_ARREMETE_CONTRA_JEY_MAMMON_-_TU_CARA_ME_SUENA_2013,SAM_&_CAT,57
LOS_THUNDERMAN_|_¡A_CUBIERTO!|_ESPAÑA_|_NICKELODEON_EN_ESPAÑOL,THE_THUNDERMANS,66
SALVAR_AL_SOLDADO_RYAN_VS_LA_CHAQUETA_METALICA_|_PARAMOUNT_CHANNEL,LA_HORA_CHANANTE,56
MANO_A_MANO_CON_LANATA_-_VÉRTIGO,RUTIZADOS,51
CAPITULO_73_-_CHIQUITITAS,RUTIZADOS,56
"LIA_SALGADO_VS_LAURA_BOZZO,_EL_DESGRACIADO_-_AM_2014",A_CULPA_E_DO_CABRAL,48
SHIMMER_AND_SHINE_ENCHANTED_CARPET_RIDE_GAME_(AD)_|_JR._GAMERS_|_PRESCHOOL_APP_|_NICK_JR.,SHIMMER_&_SHINE,72
UN_PEDIDO_INESPERADO_-_DUEÑOS_DE_LA_COCINA,CASO_CERRADO,52
EL_ASCENSO_DE_LAS_TORTUGAS_NINJA_|_HUELE_EL_MIEDO_|_LATINOAMERICA_|_NICKELODEON_EN_ESPAÑOL,TUTORIAL_LATINOAMERICANO,60
AM_-_VIVIANA_CANOSA_MOSTRO_SU_PANCITA,SAM_&_CAT,61
CAPITULO_1_-_SOMOS_FAMILIA,SOMOS_FAMILIA,90
CAPITULO_60_-_PARTE_2_-_TRILLIZOS,UNA_PARTE_DE_MI,54
EP_#8_CONFESSION_CAM:_THE_RADGIES_REACT_TO_ALEX'S_SHOCK_TOON_ARRIVAL_|_GEORDIE_SHORE_18,GEORDIE_SHORE,90
CAPITULO_247_-_SE_DICE_AMOR,MORFI,68
TALLER_DE_INSULTOS_CON_LA_BEA_-_DUELO_DE_COMEDIANTES,SE_BUSCA_COMEDIANTE,61
CHIQUITITAS_(8°_TEMPORADA)_-_CAPITULO_149,SAM_&_CAT,60
GEORDIES_WATCHING_GEORDIE_SHORE_-_MEMORABLE_FIGHTS_|_MTV,GEORDIE_SHORE,90
USE_YOUR_EARSW/_PAW_PATROL_ULTIMATE_POLICE_RESCUE|_NICK_JR.,PAW_PATROL,90
"IMAGENES_DE_LA_PELICULA_DE_RODRIGO,_EL_POTRO_-_VERSUS",LA_PEÑA_DE_MORFI,60
CAPITULO_50_-_MAXIMO_CORAZON,CASO_CERRADO,52
LAS_MEJORES_HAMBURGUESAS_CASERAS_-_MORFI_KIDS,BORGES,60
"ENTREVISTA_A_TEUCO_CASTILLA,_INSPIRACION_SALTEÑA_-_VER_PARA_LEER",ENTRE_RISOS,58
"BOB_ESPONJA_|_RITMO,_BURBUJAS_Y_MEDUSAS_|_NICKELODEON_EN_ESPAÑOL",PAW_PATROL,51
LA_POLEMICA_FRASE_DE_CHRISTOPHE_SOBRE_LA_BISEXUALIDAD_-_PH_PODEMOS_HABLAR_2019,PH_PODEMOS_HABLAR,90
"PAULA:_""FACUNDO_ES_LO_MEJOR_QUE_ME_PASO_EN_LA_VIDA,_LO_ADMIRO""_-_DESPEDIDA_DE_SOLTEROS",ESQUADRÃO_DE_CAVALEIROS,51
"SCOTTY_T_GETS_NAKED_ON_SNAPCHAT,_A_FISH_GETS_A_WHEELCHAIR_|_MTV_NEWS",MTV_MOVIES,60
BELLATOR_MMA_HIGHLIGHT:_JOSE_VEGA_KOS_JARROD_CARD,BELLATOR,90
HUNTER_STREET_|_CONVENCIENDO_A_LA_MAESTRA_|_NICKELODEON_EN_ESPAÑOL,HUNTER_STREET,90
"LA_ABUELA,_EL_FIN_DEL_MUNDO_--_SUSANA_GIMÉNEZ",SUSANA_GIMENEZ,84
OS_THUNDERMANS_|_ABRIGUEM-SE!|_PORTUGAL_|_NICKELODEON_EM_PORTUGUÊS,THE_THUNDERMANS,72
CAPITULO_56_-_PARTE_3_-_VIDAS_ROBADAS,SAM_&_CAT,50
"AZUL_AZUL_CANTA_""LA_BOMBA""_-_VERSUS",PATRULLA_CANINA,54
PORRÓN_FRÍO_-_VIDEOMATCH,UNMATCHED,56
ROCAS_DE_REYES_-_PARTE_2_-_AM,SAM_&_CAT,60
BREADWINNERS_|_FOGUETE_VAN_ASSOMBRADO_|_NICKELODEON_EM_PORTUGUÊS,BREADWINNERS,90
#MTVSUPERSHORE_I_ACADEMIA_DE_LA_LENGUA_DE_IGOR_EP._2,SUPER_SHORE,82
LA_PELU_-_BENJAMÍN_VICUÑA_ENTREVISTA_CON_FLOR_-_PARTE_2,ENTRE_RISOS,58
INSIDE_AMY_SCHUMER_-_¡MANGUERAS_DE_POLLO!,AMY_SCHUMER,90
CAPITULO_66_-_CHIQUITITAS_2000,RUTIZADOS,50
"NELLA,_UMA_PRINCESA_CORAJOSA_|_VIDEO_MUSICAL_‘PARA_O_ALTO_SALTAR’|_NICK_JR._|_BRAZIL_|_PORTUGUÊS",KARA_PARA_ASK,56
BOB_ESPONJA_|_¡PESCA_DE_MEDUSAS!_|_ESPAÑA_|_NICKELODEON_EN_ESPAÑOL,LA_PEÑA_DE_MORFI,57
LA_PREVIA_DEL_DUELO:_MATIAS_VERSUS_FRANCO,LA_PEÑA_DE_MORFI,60
PEPPA_PIG_|_L'INVITATION_|_NICKELODEON_JUNIOR,LA_LISTA_TONTA,51
"GILDA_SUPERESTAR,_PROGRAMA_164,_PARTE_03_-_SUSANA_GIMENEZ_2007",SUSANA_GIMENEZ,90
"SUSANA_ROMERO,_METAFISICA,_ANTES_DE_NACER_-_SUSANA_GIMENEZ_2008",SUSANA_GIMENEZ,90
"MARLEY_Y_FLOR_PEÑA,LO_MAS_INSOLITO_QUE_LES_PASO_VIAJANDO_-_SUSANA_GIMENEZ_2007",SUSANA_GIMENEZ,90
#ACULPAEDOCABRAL_-_FILMES_QUE_VOCÊ_NUNCA_VIU_COM_JOJO_E_RAFA,A_CULPA_E_DO_CABRAL,71
CAPITULO_32_-_NARANJA_Y_MEDIA,ALASKA_Y_MARIO,51
LOS_TACK_SEE_BOYS_CON_VALERIA_MAZZA_-_VIDEOMATCH,UNMATCHED,56
HENRY_DANGER_|_AS_LUTAS_CONTINUAM|_NICKELODEON_EM_PORTUGUÊS,HENRY_DANGER,90
HENRY_DANGER_|_JASPER_PILLADO_ROBANDO_|_ESPAÑA_|_NICKELODEON_EN_ESPAÑOL,HENRY_DANGER,90
MAKING_OF_-_ATENDENDO_A_PEDIDOS,ASKING_FOR_A_FRIEND,57
"HELLO,_GOOD_MORNING_|_NURSERY_RHYME_IN_SPANISH_PLUS_PAT-A-CAKE_REMIX_|_NICK_JR._|_CANTICOS",CANTICOS,60
CAPITULO_25_-_PARTE_2_-_BOTINERAS,LOUIE,54
YO_SUEÑO_-_SUSANA_GIMENEZ,SUSANA_GIMENEZ,90
CAPITULO_105_-_GRANDE_PA,STAND_UP,56
MARADONA_Y_ROCIO_A_LOS_BESOS-_AM,LOS_SIMPSONS,57
¡LA_GRAN_FINAL_MANO_A_MANO_ENTRE_LOS_GUASONES!_-_DESPEDIDA_DE_SOLTEROS,ENTRE_RISOS,66
BELLATOR149:_HIGHLIGHTS,BELLATOR,90
"EL_SHOW_DEL_CHISTE,_CINDY_LÓPEZ_VS_DE_LA_RUA_--_VIDEOMATCH",UNMATCHED,57
CAPITULO_64_-_CHIQUITITAS_1995,RUTIZADOS,50
EX_ON_THE_BEACH_SEASON_5_|_MEET_ASHLEY_|_MTV_UK,EX_ON_THE_BEACH,90
RESUMEN_SEMANAL:_PROPUESTAS_INDECENTES_-_CAMPANAS_EN_LA_NOCHE,CAMPANAS_EN_LA_NOCHE,90
SUSANA_GIMENEZ_EXTORSIONADA_POR_UN_VIDEO_INTIMO_DE_SU_NIETA_-_MORFI,SUSANA_GIMENEZ,90
EN_VIVO:_UNA_PROBADITA_DEL_PRIMER_EPISODIO_DE_#MTVACAPLAY,EL_ARQUI,56
PROGRAMA_90_-_¿EN_QUE_MANO_ESTA?,NOOBEES,51
"LAS_INFUSIONES_-_TÉ,_MATE,_CAFÉ_-_AM",FLAPS,54
"ADRIAN_KOROL,_JUEGOS_GAY,_TANGO_–_VIDEOMATCH_98",SAM_&_CAT,50
PUP_ROCK_SPECIAL_SONGPAW_PATROL_|_NICK_JR._|_ITALIANO,PAW_PATROL,90
CHIQUITITAS_(1°_TEMPORADA)_-_CAPITULO_100,SAM_&_CAT,60
BOB_ESPONJA_|_¡DECLARO_GUERRA_DE_PULGARES!_|_ESPAÑA_|_NICKELODEON_EN_ESPAÑOL,CASO_CERRADO,60
TARTARUGAS_NINJA_|_LIDER_LEONARDO_|_TMNT_|_NICKELODEON_EM_PORTUGUÊS,PATRULLA_CANINA,60
EXTRATO,SEXPECTATIONS,64
"SUMMER_GAMESEXTREME_SPORTS_W/_PAW_PATROL,_BUBBLE_GUPPIES_&_MORE!_|_NICK_JR.",BUBBLE_GUPPIES,90
THE_BIGGEST_&_CRAZIEST_FIGHTS_IN_GEORDIE_SHORE_HISTORY_|_GEORDIE_SHORE,GEORDIE_SHORE,90
"EL_SHOW_DEL_MAESTRULLI,_ESTELA_RAVAL_–_VIDEOMATCH_99",SLIMEFEST,50
FULGENCIO_MEJIA_VS_UTUR_HABIBI_-_PARTE_1_-_100%_LUCHA,UNA_PARTE_DE_MI,57
BUBBLE_GUPPIES_|_BATTERBALL!_|_NICK_JR._UK,BUBBLE_GUPPIES,90
NUESTRA_PEQUEÑA_CANICHE_SUBE_LAS_ESCALERAS,MALAS_SNAPERAS,64
"LOS_COBANIS_DEL_HUMOR,_EL_CUIS_Y_POLONIO_–_PELIGRO_SIN_CODIFICAR",PELIGRO_SIN_CODIFICAR,90
LE_PETIT_ROYAUME_DE_BEN_ET_HOLLY_|_LE_PREMIER_JOUR_DU_PRINTEMPS_|_NICKELODEON_JUNIOR,EL_PRECIO_JUSTO,54
"""CHATRÚ""_CON_VALERIA_MAZZA_-_VIDEOMATCH",UNMATCHED,56
CAPITULO_94_-_ENAMORARTE,MORFI,54
EX_ON_THE_BEACH_6_|_MEET_FRANKIE_|_MTV_UK,EX_ON_THE_BEACH,90
"TOP_WING_SURPRISE_EGGSFT._ROD,_SWIFT_&_MORE!_|_NICK_JR._#TOPWINGTUESDAY",TOP_WING_CADETS,60
"LA_PEÑA,_SCHWEINSTEIGER,_DIVORCIO_-_PELIGRO_SIN_CODIFICAR",PELIGRO_SIN_CODIFICAR,90
BOB_ESPONJA_|_FLIPPER_ENCUENTRA_EL_AMOR_|_NICKELODEON_EN_ESPAÑOL,BAR_CENTRAL,66
#HOYESMICUMPLE_(13-02)_-_¿EN_QUE_MANO_ESTA?,NOOBEES,51
BOB_ESPONJA_|_PLANKTON_TENTA_MUDAR_|_BRASIL_|_NICKELODEON_EM_PORTUGUÊS,BAR_CENTRAL,50
DONATO_Y_SUS_HIJAS_PARTE_2_-_GRACIAS_POR_VENIR,POR_EL_MUNDO,57
TUNOS_RECICLADOS_|_CORTO_Y_CAMBIO_|_COMEDY_CENTRAL_ESPAÑA,CORTO_Y_CAMBIO,90
¿CAMPISI_ENAMORADA_DE_COSTANTINI?_-_AM,MORIR_DE_AMOR,56
PEPPA_PIG_|_LA_FÊTE_INTERNATIONALE_|_NICKELODEON_JUNIOR,SEÑORESPAPIS,55
CAPITULO_15_(24-02-2017)-_EL_REGRESO_DE_LUCAS,BORGES,60
"BONKO,_EL_PAYASO_DEL_HOSPITAL_|_YA_KILLIN'_ME_|_COMEDY_CENTRAL_ESPAÑA",COMEDY_FEST,74
INFORME:_ALCOHOL_AL_VOLANTE_-_AM,DESINFORMATIVO,51
LAS_HISTORICAS_PERLITAS_DE_LOS_30_AÑOS_DE_SUSANA_-_SUSANA_GIMENEZ_2017,SUSANA_GIMENEZ,90
HENRY_DANGER_|_A_NUVEM_|_BRASIL_|_NICKELODEON_EM_PORTUGUÊS,HENRY_DANGER,90
GUS_PROAL_VS_GLORIA_RODRIGUEZ_|_DUELO_DE_COMEDIANTES_|_COMEDY_CENTRAL_LA,COMEDY_FEST,74
"WALDO_LE_CANTA_""USTED""_A_ANGIE_-_VIDEOMATCH_99",SAM_&_CAT,64
AM_-_DIEGO_TORRES_Y_DEBORA_BELLO_CONFIRMAN_QUE_ESPERAN_UN_BEBE,BELLATOR,56
PROGRAMA_11_-_TU_CARA_ME_SUENA_2013,SAM_&_CAT,57
CHIQUITITAS_(4°_TEMPORADA)_-_CAPITULO_125,SAM_&_CAT,60
SAM_Y_CAT_|_NO_SE_ADMITEN_MASCOTAS_|_NICKELODEON_EN_ESPAÑOL,SAM_&_CAT,80
CHIQUITITAS_(3°_TEMPORADA)_-_CAPITULO_100,SAM_&_CAT,60
SANA_SANA_-_THE_BOO_BOO_SONG_|_NURSERY_RHYMES_EN_ESPAÑOL_|_NICK_JR._|_CANTICOS,CANTICOS,60
MTV_MIAW_TIME_2018_I_#NIÑOSVIRALES,MTVMIAW,77
SHOW_DE_LOS_CHICOS:_JULIETA_Y_MATIAS_-_VIDEOMATCH_99,CANTICOS,56
DAVE_BAUTISTA_WANTS_A_DRAX_GUARDIANS_OF_THE_GALAXY_SPINOFF_|_MTV_MOVIES,MTV_MOVIES,90
"1,_2,_3…_COLORIAGE_!_|_CHEZ_LES_LOUPS_|_NICKELODEON_JUNIOR",EL_PRECIO_JUSTO,50
"FATIMA:_""NO_QUIERO_QUE_SUFRAS""_-_POR_AMARTE_ASI",YO!_MTV_RAPS,52
CAPITULO_349_-_VERANO_DEL_98,VECINOS,51
ESCUELA_DE_ROCK_|_ASUSTANDO_AL_PROFESOR|_ESPAÑA_|_NICKELODEON_EN_ESPAÑOL,SCHOOL_OF_ROCK,58
RECETA:_BUDIN_DE_PAN_LIGHT_-_MORFI,MORFI,90
¡LLEGA_EL_CAPITULO_FINAL!_-_MAR_DE_AMORES,MORIR_DE_AMOR,69
LA_CONFESION_DE_#ALANDDS-_CORTA_POR_LOZANO,CORTA_POR_LOZANO,90
MECANICKANDO_COM_ROX_|_TUTORIAL_9_|_COMO_CUSTOMIZAR_A_SUA_MOCHILA!_|_NICKELODEON_EM_PORTUGUÊS,CAMERINO_COMEDY,54
DUELO_DE_RAP_CON_NICHO_-_DUELO_DE_COMEDIANTES,SE_BUSCA_COMEDIANTE,61
CAPITULO_28_-_SEÑORES_PAPIS,SEÑORESPAPIS,82
CAPITULO_110_-_COSTUMBRES_ARGENTINAS,BORGES,60
LA_PELU_-BRENDA_GANDINI,FLAPS,54
ANTONIA_CULPA_A_DIEGO_DE_LA_IDA_DE_JUAN_-_100_DIAS_PARA_ENAMORARSE,100_DIAS_PARA_ENAMORARSE,90
THE_LOUD_HOUSE_|_TOP_5_MUSICAS_|_BRASIL_|_NICKELODEON_EM_PORTUGUÊS,THE_LOUD_HOUSE,90
MINUTO_PARA_GANAR_-_RESACADO,MINUTO_PARA_GANAR,90
"JOHN_MERCANTANTE_CANTA_""EL_HIJO_DE_CUCA""_-_¿EN_QUE_MANO_ESTA?",SAM_&_CAT,64
LOUD_EM_CASA_|_ABAIXO_COM_O_DITADOR!_|_PORTUGAL_|_NICKELODEON_EM_PORTUGUÊS,SE_BUSCA_COMEDIANTE,48
OS_THUNDERMANS_|_ARMADILHA_DE_ALGODÃO_DOCE_|_PORTUGAL_|_NICKELODEON_EM_PORTUGUÊS,THE_THUNDERMANS,72
LA_VENGANZA_DE_LOS_ROBOTS_-_SUFRE_POR_TU_BOLETO,LA_CASA_DE_LOS_DIBUJOS,58
EL_ROMPEHIELOS_HUMANO_-_MORFI,MORFI,90
CAPITULO_130_-_DEJATE_QUERER,DORA_THE_EXPLORER,54
LE_NICKELODEON_TOUR_EST_DE_RETOUR_DU_18_FEVRIER_AU_1ER_MARS_!,RUSTY_RIVETS,52
VIKKI_RPM_|_¡ELLOS_SON_LOS_HEROES_DE_LA_RED!_|_NICKELODEON_EN_ESPAÑOL,LOS_SIMPSONS,60
"COCK_BLOCK_CRUSADE_-_GEORDIE_SHORE,_SEASON_4_|_MTV",GEORDIE_SHORE,90
¿NICOLINA_ESTA_SEPARADA?_-_CORTA_POR_LOZANO,CORTA_POR_LOZANO,90
FIFI_ET_SES_FLORAMIS_|_GENERIQUE_|_NICKELODEON_JUNIOR,EL_PRECIO_JUSTO,50
BREADWINNERS_|_CANÇÃO_PARA_UMA_PATA_|_NICKELODEON_EM_PORTUGUÊS,BREADWINNERS,90
LE_PETIT_ROYAUME_DE_BEN_ET_HOLLY_|_LA_PLAGE_|_NICKELODEON_JUNIOR,EL_PRECIO_JUSTO,50
PAW_PATROL_:_LA_PAT'PATROUILLE_|_PASSION_GLAÇON_|_NICKELODEON_JUNIOR,PAW_PATROL,90
CAPITULO_118_-_LUNA_SALVAJE,ACAPULCO_SHORE,45
EP_#5_BEACH_DIARIES:_DAISY_OPENS_UP_ABOUT_HOW_IT_FELT_TO_BE_PIED_BY_MATTY_B_|_EX_ON_THE_BEACH_9,EX_ON_THE_BEACH,90
SIENNA_MILLER_REALLY_WANTS_TO_PLAY_CAPTAIN_MARVEL_|_MTV_MOVIES,MTV_MOVIES,90
CAPITULO_185_-_CABECITA,SAM_&_CAT,50
"INFRAGANTI,_LUCIANA_SALAZAR_-_PARTE_2_-_VIDEOMATCH",UNMATCHED,56
GEORDIE_SHORE_BBB|_CRAZIEST_HOUSEPARTIES!!_|_MTV,GEORDIE_SHORE,90
CAPITULO_59_(21-04-2016)_-_LA_LEONA,LA_LISTA_TONTA,58
"LETIZIA_ORTIZ:_PEOR_QUE_CLEOPATRA,_MEJOR_QUE_PEPE_REINA_|_CCN_ON_|_COMEDY_CENTRAL_ESPAÑA",COMEDY_FEST,74
"PAUSE_116_|_JOGOS_DE_CORRIDA,_FILME_DO_SONIC_E_O_QUE_NOS_JOGAMOS",MORIR_DE_AMOR,49
ESEWEY_@_#STANDUPENCOMEDY_-_DE_VICIOS_Y_LA_VIDA,STAND_UP,79
PARA_NO_VERTE_MAS_(LA_MOSCA):_EXEQUIEL_SALKIND_/_SILLAS_-_ELEGIDOS,THE_ROAST_OF,54
PROGRAMA_60_-_SABOR_A_MI_2004,FLORIBAMA_SHORE,48
DORA_&_FRIENDS_:_AU_CŒUR_DE_LA_VILLE_|_LE_BAL_COSTUME_|_NICKELODEON_JUNIOR,FRIENDS_FEST,64
DORA_AND_FRIENDS_|_SING_ALONG:_RHYME_TIME_|_NICK_JR._UK,FRIENDS,90
FAT_WRAP_-_GEORDIE_SHORE_|_MTV,GEORDIE_SHORE,90
LA_MARGINALIDAD_Y_LA_EDUCACIÓN_-_AM,MORFI,54
CAPITULO_113_-_MONTECRISTO,ENTRE_RISOS,60
CARLOS_BELLOSO_Y_EL_SATIRICON_DE_PETRONIO_-_VER_PARA_LEER,BELLATOR,56
OS_THUNDERMANS_|_ADULTOS_MATUROS|_PORTUGAL_|_NICKELODEON_EM_PORTUGUÊS,THE_THUNDERMANS,72
JASON_DERULO_TALKS_DIRTY_TO_SNOOCHIE_SHY_|_MTV_MUSIC,MTV_EMAS,68
JOJO_SIWA_Y_MATTEO_MARKUS_BOK|_NAVIDAD_CON_RITMO_|_ESPAÑA_|_NICKELODEON_EN_ESPAÑOL,JOJO_SIWA,60
DESAFIO:_¿CON_QUIEN_TE_IRIAS_A_UNA_ISLA_DESIERTA?_-_FANNY_LA_FAN,ENTRE_RISOS,66
LOS_ROLDAN_-_CAPITULO_15_-_PARTE_1,SAM_&_CAT,60
EL_EGOISMO_DE_LOS_GAYS_|_ROBER_BODEGAS_|_STAND_UP_|_COMEDY_CENTRAL_ESPAÑA,COMEDY_FEST,74
CAPITULO_82_-_PARTE_3_-_VIDAS_ROBADAS,SAM_&_CAT,50
DOS_FAMILIAS_QUEDARAN_EN_LA_GALA_DE_ELIMINACION_-_LATEN_CORAZONES,SOMOS_FAMILIA,73
PATAPALO_|_ASCENSORES_|_COMEDY_CENTRAL_ESPAÑA,COMEDY_FEST,74
"ANDRÉS_Y_LUIS:_CASARSE_POR_IGLESIA,_EL_PAPA_FRANCISCO_-_AM",SAM_&_CAT,57
CAPITULO_21_-_EL_CAPO,SAM_&_CAT,50
DAISY_GETS_PIED_AGAIN_BY_EX_MATTY_B_AS_HE_GOES_FOR_THE_SNOG_WITH_NATALEE_|_EX_ON_THE_BEACH_9,EX_ON_THE_BEACH,90
DE_LA_RUA_SE_ENTERA_QUE_ENTRA_GC_-_VIDEOMATCH,UNMATCHED,57
CHIQUITITAS_(5°_TEMPORADA)_-_CAPITULO_34,SAM_&_CAT,60
LAS_MAZZA_Y_LAS_CHANTEIRO_PASA_A_LA_GRAN_FINAL_-_LATEN_CORAZONES,SAM_&_CAT,60
SHOW_DE_STRIPTEASE:_PACHU_-_VIDEOMATCH,UNMATCHED,56
MATIAS_CARRICA:_BUSCAVIDA_-_ELEGIDOS,MALAS_SNAPERAS,51
BELLATOR_165:_WHAT_TO_WATCH_|_GONZALEZ_VS._PAGE,BELLATOR,90
¿CÓMO_FUE_LA_RECONCILIACIÓN_DE_BREQUE_Y_CALAMARO?_-_AM,ALASKA_Y_MARIO,57
SPONGEBOB_|_FELIZ_NATAL_SPONGEBOB!_|_PORTUGAL_|_NICKELODEON_EM_PORTUGUÊS,SPONGEBOB_SQUAREPANTS,56
HENRY_DANGER_|_LUTA_NA_LOJA_|_PORTUGAL_|_NICKELODEON_EM_PORTUGUÊS,HENRY_DANGER,90
CAPITULO_73_-_NRANJA_Y_MEDIA,THE_NANNY,50
BRIAN_RULLANSKY_I_@_#STANDUPENCOMEDY,STAND_UP,79
NUEVO_INFORME_EN_LA_CAUSA_CHOCOBAR_-_MORFI_TELEFE,MORFI,60
"ANTI_TETANIC,_PULSEADA_–_VIDEOMATCH_98",SAM_&_CAT,50
BELLATOR_MMA_HIGHLIGHTS:_EMANUEL_NEWTON_WINS_LIGHT_HEAVYWEIGHT_TOURNAMENT,BELLATOR,60
CAMERINO_COMEDY_-_GONZALO_VALDERRAMA_-_#INVASIONCOLOMBIANA_VOL._2,CAMERINO_COMEDY,90
MTV_NEWS_I_CHANTAJE_ROMPE_RECORDS,MTV_NEWS,90
BOB_ESPONJA_|_SINFONIA_DA_AGUA-VIVA_|_NICKELODEON_EM_PORTUGUÊS,SAM_&_CAT,50
CLUB_57_|_TOUR_DE_LOS_SETS_|_LATINOAMERICA_|_NICKELODEON_EN_ESPAÑOL,TUTORIAL_LATINOAMERICANO,60
SANDRO_RUIZ_@_#STANDUPENCOMEDY_-_MALDITA_POBREZA,STAND_UP,79
EL_CRUSTACEO_CASCARUDO_|_BOB_ESPONJA_EN_ESPAÑOL,BORGES,60
DECIR_ADIOS_-_TODO_POR_MI_HIJA,TODO_POR_MI_HIJA,90
NATHAN_HENRY_&_SAM_GOWLAND_KICK_REET_OFF_OVER_CHLOE_FERRY_|_GEORDIE_SHORE_17_EP_#2_HIGHLIGHTS,GEORDIE_SHORE,90
"LA_FAMILIA_FRUTO_CANTA_""IS_THIS_LOVE""_-_LATEN_CORAZONES",LA_FAMILIA_P.LUCHE,65
"LIA_SALGADO_VS_LAURA_BOZZO,_HABLA_BOZZO_-_AM_2014",A_CULPA_E_DO_CABRAL,48
SHOW_DEL_CHISTE_EN_ESPAÑA_-_VIDEOMATCH,TEEN_MOM,56
CAPITULO_33_-_EL_DESEO,KEY_&_PEELE,50
"MANUEL,_MAS_CERCA_DE_LA_VERDAD_-_POR_AMARTE_ASI",CASO_CERRADO,60
SCHOOL_OF_ROCK_|_CUIDADO_COM_O_ASSOBIADOR_|_NICKELODEON_EM_PORTUGUÊS,SCHOOL_OF_ROCK,90
TARTARUGAS_NINJA_|_REVELAÇÕES_|_TMNT_|_NICKELODEON_EM_PORTUGUÊS,PATRULLA_CANINA,60
CAPITULO_104_-_RESISTIRE,RESISTIRE,90
HENRY_DANGER_|_AVARIA_NO_TELETRANSPORTE_|_PORTUGAL_|_NICKELODEON_EM_PORTUGUÊS,HENRY_DANGER,90
SHIMMER_AND_SHINE_|_HAIRDOS_AND_DONT'S_|_NICK_JR._UK,SHIMMER_&_SHINE,72
VERANO_DEL_98_-_CAPITULO_228_-_PARTE_1,SAM_&_CAT,60
"CORN_&_PEG_""DO_GOOD""_SONG_+_HORSE_&_UNICORN_MUSIC_VIDEOS_FT._BUBBLE_GUPPIES!_|_NICK_JR.",BUBBLE_GUPPIES,90
¡NO_TE_PIERDAS_YO_SOY_FRANKY!_|_AMERICA_DEL_SUR_|_NICKELODEON_EN_ESPAÑOL,UGLY_AMERICANS,58
CAMERINO_COMEDY_-_JONATHAN_GATO_-_#INVASIONCOLOMBIANA_VOL._2,CAMERINO_COMEDY,90
SPLIT_PARENTS_-_TEEN_MOM_2_|_MTV,TEEN_MOM,90
RUSTY_RIVETS_|_RUSTY'S_WATER_WORKS_|_NICK_JR._UK,RUSTY_RIVETS,90
"NOTA_A_ALDO_RICO,_GANADOR_DE_GRAN_CUÑADO_-_VERSUS",EL_GRAN_BARTENDER,53
"NICKY,_RICKY,_DICKY_Y_DAWN_|_ATRAPANDO_AL_LADRON_|_NRDD_|_NICKELODEON_EN_ESPAÑOL","NICKY,_RICKY,_DICKY_&_DAWN",86
#ACULPAEDOCABRAL_-_HASHTAG_DO_DIA_-_#MINHACOMIDAMINHASREGRAS,A_CULPA_E_DO_CABRAL,72
REPUBLICA_DE_STAND_UP_-_ROBSON_NUNES_-_DIETA,STAND_UP,90
"EL_SHOW_DE_LOS_CHICOS:_MICAELA,_CANTA_BACKSTREET_BOYS_-_VIDEOMATCH",SAM_&_CAT,60
I_AM_FRANKIE_|_TRAVA-LINGUAS_|_NICKELODEON_EM_PORTUGUÊS,GUYS_TRY,64
KALLY´S_MASHUP_|_TORNEO_DE_METEGOL_|_LATINOAMERICA_|_NICKELODEON_EN_ESPAÑOL,TUTORIAL_LATINOAMERICANO,64
"RICKY_MARTIN,_MUNDIAL_FRANCIA_-_VIDEOMATCH_98",UNMATCHED,50
PROGRAMA_08_(18-11-2016)_-_PESADILLA_EN_LA_COCINA,LA_LISTA_TONTA,51
CAPITULO_63_-_PERLA_NEGRA,KEY_&_PEELE,50
"LA_GENTE_SE_PREGUNTA_CON_CATHERINE_FULOP,_FIN_-_VIDEOMATCH_97",SAM_&_CAT,60
#MTVACASHORE_I_HAGAS_LO_QUE_HAGAS_EP._10,MTV_EMAS,56
INGRESSOS_|_MPN_2005_|_CLASSICOS_NICK_|_NICKELODEON_EM_PORTUGUÊS,CANTICOS,56
PARTE_2_-_CAPITULO_97_-_MUÑECA_BRAVA,SAM_&_CAT,60
BOB_ESPONJA_|_CAIXA_SECRETA_|_BRASIL_|_NICKELODEON_EM_PORTUGUÊS,SAM_&_CAT,60
SLEEPING_WITH_SIRENS_-_BACKSTAGE_WITH_MTV_|_MTV_MUSIC,MTV_EMAS,68
CODI_QUER_CHANCE_COM_CANDACE_E_AIMEE_TA_A_FIM_DO_AMIGO_DA_NILSA..._|_FLORIBAMA_SHORE_EP._16,FLORIBAMA_SHORE,90
ANGELA_TORRES_¿QUE_LA_HACE_UNICA?_-_GRACIAS_POR_VENIR,BELLATOR,68
"LAS_REMUGRIENTAS_CLIP_""LINDA_POR_DENTRO""-_PELIGRO_SIN_CODIFICAR",PELIGRO_SIN_CODIFICAR,90
"NELLA,_UNA_PRINCESA_VALIENTE_|_'ESE_MOMENTO_DEL_AÑO'_VIDEO_MUSICAL|_NICK_JR._ESPAÑA",NELLA_THE_PRINCESS_KNIGHT,58
NELLA_THE_PRINCESS_KNIGHT_|_ABOUT_THE_SHOW_|_NICK_JR._UK,NELLA_THE_PRINCESS_KNIGHT,90
BLAZE_E_LE_MEGA_MACCHINE_|_COME_DISEGNARE_BLAZE_|_NICK_JR,BLAZE_AND_THE_MONSTER_MACHINES,57
NELLA_THE_PRINCESS_KNIGHT_|_BLAINE_GAME_|_NICK_JR._UK,NELLA_THE_PRINCESS_KNIGHT,90
RUSTY_RIVETS_:_INVENTEUR_EN_HERBE_|_MINI-ROBOCOPS_|_NICKELODEON_JUNIOR,RUSTY_RIVETS,90
MARTIN_PUGLIESE_I_@_#STANDUPENCOMEDY,STAND_UP,79
EL_HOMBRE_DE_TU_VIDA_-_CAPITULO_4_-_PARTE_2,SAM_&_CAT,70
CAPITULO_25_-_LOS_VECINOS_EN_GUERRA,VECINOS,90
MARCELO_TINELLIMEJOR_CONDUCCION_MASCULINA_-_PREMIOS_TATO_2017,EL_PRECIO_JUSTO,54
PATRICIA_SORNOSA_|_STOP_PRINCESAS_LIVE_|_COMEDY_CENTRAL_ESPAÑA,COMEDY_FEST,74
SOUTH_PARK_-_CANCION,SOUTH_PARK,90
"LOS_PIMPINELA_Y_CACHO_MARLEY,_POR_ESE_HOMBRE_–_PELIGRO_SIN_CODIFICAR",PELIGRO_SIN_CODIFICAR,90
PROGRAMA_17_(23-10-2016)_-_SUSANA_GIMENEZ,SUSANA_GIMENEZ,90
#ACULPAEDOCABRAL_DE_OLHO_NA_BILOLA,A_CULPA_E_DO_CABRAL,71
¿COMO_SER_UN_BUEN_ANFITRION?_|_EL_GAÑAN_|_LA_HORA_CHANANTE_|_COMEDY_CENTRAL_ESPAÑA,LA_HORA_CHANANTE,90
CABRITO_A_LA_ESTACA_-_MORFI,MORFI,90
CAPITULO_280_-_PARTE_2_-_VERANO_DEL_98,VECINOS,51
KOSMO-PIESKI_Z_PSIEGO_PATROLUWIDEO_Z_PIOSENKĄ_TYTUŁOWĄ_|_NICK_JR._POLSKA,PAW_PATROL,63
EP_#7_EXCLUSIVE:_AMBER_KICKS_STE_OUT_OF_HER_HOUSE_AFTER_A_PHONECALL_FROM_HIS_EX_|_TEEN_MOM_UK_5,TEEN_MOM,60
"DESENCHUFADO,_ARGENTINA_VS_COLOMBIA_99_–_VIDEOMATCH",LA_VOZ_ARGENTINA,68
LA_CASA_DE_LOS_DIBUJOS_-_TU_PERRITO_ES_UN_HERMOSO_LUGAR,LA_CASA_DE_LOS_DIBUJOS,90
"AGUSTIN_ARISTARAN_""RADAGAST""_III_@_#STANDUPENCOMEDY",STAND_UP,79
RASGUE_MIS_PANTALONES_|_BOB_ESPONJA_EN_ESPAÑOL,BORGES,60
SHOW_DE_LOS_CHICOS:_BRENDA_CANTA_Y_CUENTA_CHISTE_-_VIDEOMATCH_99,BAR_CENTRAL,58
SHIMMER_AND_SHINE_|_THE_ZAHRAMAY_FOX_|_NICK_JR._UK,SHIMMER_&_SHINE,72
LOS_WIKIPEDIAS_Y_LA_CUMBIA_DEL_TEOREMA_DE_PITAGORAS_-_PELIGRO_SIN_CODIFICAR,PELIGRO_SIN_CODIFICAR,90
FEROZ_ATAQUE_DE_PERROS_ROTTWEILER_A_UNA_NENA_DE_4_AÑOS_-_MORFI,MORFI,60
CAPITULO_106_-_PARTE_3_-_BOTINERAS,LOUIE,54
"‘AVENTURAS_ARREPIANTES’VIDEO_MUSICAL_COM_PAW_PATROL,_SHIMMER_&_SHINE_E_MUITO_MAIS!_|_PORTUGUÊS",SHIMMER_&_SHINE,90
ISABEL_FERNANDEZ_VS_MONICA_ESCOBEDO_|_DUELO_DE_COMEDIANTES_|_COMEDY_CENTRAL_LA,COMEDY_FEST,74
CHARLOTTE_CROSBY'S_2016_RESOLUTIONS!_|_MTV_|_GEORDIE_SHORE,GEORDIE_SHORE,90
"LA_MARY,_LA_ESCENA_QUE_LO_CAMBIO_TODO_–_SUSANA_GIMENEZ_2014",SUSANA_GIMENEZ,90
¿MIRKO_YA_NO_QUIERE_A_ISABELLA?_-_POR_EL_MUNDO_2019,POR_EL_MUNDO,90
BOBBY_KICKS_OFF_AT_BAYLEY_AFTER_SHE_KISSED_HER_NEWLY_ARRIVED_EX_GEORGE_|_EX_ON_THE_BEACH_9,EX_ON_THE_BEACH,90
"NOCHE_DE_DIVÁN,_MAZZOCO_Y_PETIINATO_-_VERSUS",CHICAS_DE_VIAJE,53
RIDICULOS_MTV_I_RETOS_RIDICULOS_I_TEMP_1_EP_8,RIDICULOUSNESS,58
CONFESIONES_CON_ALEXIS_-_ALEXIS_DE_ANDA_Y_ALE_GUILMANT_EN_BALANDRA,CONFESIONES_CON_ALEXIS,90
EL_SHOW_DEL_CHISTE:_LARRY_DE_CLAY_Y_RODRIGO_VAGONETA_-_VIDEOMATCH,UNMATCHED,57
ESCANDALO_EN_ANABEL_TV_-_PELIGRO_SIN_CODIFICAR,PELIGRO_SIN_CODIFICAR,90
EL_FAN_DE_OLMEDO_QUE_SE_TATUÓ_EN_HONOR_A_SU_ÍDOLO_-_AM,POR_EL_MUNDO,52
LOS_THUNDERMAN_|_GOLF_JURASICO_⛳️_|_ESPAÑA_|_NICKELODEON_EN_ESPAÑOL,THE_THUNDERMANS,66
INUNDACIÓN_EN_VILLA_URQUIZA_-_PARTE_2_-_AM,EL_ARQUI,68
HENRY_DANGER_|_MINHOCAS_NUTRITIVAS|_PORTUGAL_|_NICKELODEON_EM_PORTUGUÊS,HENRY_DANGER,90
"¿SE_TERMINA_""POR_EL_MUNDO""?_LIZY_ESTRENA_""POR_EL_PLANISFERIO""_-_CORTA_POR_LOZANO",CORTA_POR_LOZANO,90
TARANTINO_|_IGNATIUS_FARRAY_|_COMEDY_CENTRAL_ESPAÑA,COMEDY_FEST,74
"RIHANNA:_""WE'RE_NOT_STEALING_FROM_ANYBODY""_|_PUNK'D",ASKING_FOR_A_FRIEND,52
LA_PARTICULAR_PROPUESTA_DE_CASAMIENTO_DE_JORGE_RIAL_A_ROMINA_PEREIRO_-_MORFI,MORFI,60
"LOS_NOCHEROS_CANTAN_""CANCIÓN_DEL_ADIÓS""_-_SUSANA_GIMÉNEZ",SUSANA_GIMENEZ,84
"CAPITULO_53_-_PARTE_2_-_YAGO,_PASION_MORENA",ASKING_FOR_A_FRIEND,52
X1_|_DIOGO_DEFANTE,PIPOCANDO:_O_DOBRO_DE_MANTEIGA,60
"PREVIA,_CAMPI_ES_FACUNDO_CABRAL,_VUELE_BAJO_-_TU_CARA_ME_SUENA_2014",A_CULPA_E_DO_CABRAL,57
CAPITULO_79_-_DON_JUAN_Y_SU_BELLA_DAMA,BELLATOR,56
